id,year,team1,score1,score2,team2,
0,2016,Melbourne Storm,12,14,Cronulla Sharks,
1,2016,Melbourne Storm,14,12,Canberra Raiders,
2,2016,Cronulla Sharks,32,20,North QLD Cowboys,
3,2016,Canberra Raiders,22,12,Penrith Panthers,
4,2016,North QLD Cowboys,26,20,Brisbane Broncos,
5,2016,Penrith Panthers,28,12,Canterbury Bulldogs,
6,2016,Melbourne Storm,16,10,North QLD Cowboys,
7,2016,Canberra Raiders,14,16,Cronulla Sharks,
8,2016,Brisbane Broncos,44,28,Gold Coast Titans,
9,2016,Penrith Panthers,36,6,Manly Sea Eagles,
10,2016,New Zealand Warriors,18,40,Parramatta Eels,
11,2016,Wests Tigers,10,52,Canberra Raiders,
12,2016,Melbourne Storm,26,6,Cronulla Sharks,
13,2016,North QLD Cowboys,32,16,Gold Coast Titans,
14,2016,St George Dragons,28,26,Newcastle Knights,
15,2016,Canterbury Bulldogs,10,28,South Sydney Rabbitohs,
16,2016,Brisbane Broncos,24,14,Sydney Roosters,
17,2016,Parramatta Eels,30,18,St George Dragons,
18,2016,Newcastle Knights,12,34,South Sydney Rabbitohs,
19,2016,New Zealand Warriors,24,36,Wests Tigers,
20,2016,Cronulla Sharks,37,12,Sydney Roosters,
21,2016,Gold Coast Titans,14,15,Penrith Panthers,
22,2016,Manly Sea Eagles,30,44,Canberra Raiders,
23,2016,Melbourne Storm,16,26,Brisbane Broncos,
24,2016,Canterbury Bulldogs,16,24,North QLD Cowboys,
25,2016,South Sydney Rabbitohs,12,6,Cronulla Sharks,
26,2016,Sydney Roosters,42,6,St George Dragons,
27,2016,Canberra Raiders,28,18,Parramatta Eels,
28,2016,North QLD Cowboys,34,6,New Zealand Warriors,
29,2016,Manly Sea Eagles,18,38,Melbourne Storm,
30,2016,Newcastle Knights,6,26,Gold Coast Titans,
31,2016,Penrith Panthers,40,10,Wests Tigers,
32,2016,Brisbane Broncos,20,10,Canterbury Bulldogs,
33,2016,Canberra Raiders,22,8,Melbourne Storm,
34,2016,Sydney Roosters,22,10,North QLD Cowboys,
35,2016,Newcastle Knights,6,42,Penrith Panthers,
36,2016,St George Dragons,32,18,Cronulla Sharks,
37,2016,New Zealand Warriors,22,41,South Sydney Rabbitohs,
38,2016,Wests Tigers,18,19,Gold Coast Titans,
39,2016,Brisbane Broncos,38,16,Parramatta Eels,
40,2016,Canterbury Bulldogs,20,16,Manly Sea Eagles,
41,2016,Penrith Panthers,38,18,Sydney Roosters,
42,2016,Wests Tigers,26,14,North QLD Cowboys,
43,2016,Gold Coast Titans,14,24,New Zealand Warriors,
44,2016,Melbourne Storm,15,14,South Sydney Rabbitohs,
45,2016,Cronulla Sharks,14,30,Canberra Raiders,
46,2016,Newcastle Knights,14,28,Canterbury Bulldogs,
47,2016,Parramatta Eels,10,9,Manly Sea Eagles,
48,2016,St George Dragons,8,12,Brisbane Broncos,
49,2016,Gold Coast Titans,18,18,Cronulla Sharks,
50,2016,Manly Sea Eagles,36,16,Newcastle Knights,
51,2016,South Sydney Rabbitohs,4,54,Canberra Raiders,
52,2016,North QLD Cowboys,8,16,Melbourne Storm,
53,2016,Parramatta Eels,8,23,Wests Tigers,
54,2016,New Zealand Warriors,20,16,Penrith Panthers,
55,2016,Canterbury Bulldogs,13,10,St George Dragons,
56,2016,Sydney Roosters,32,16,Brisbane Broncos,
57,2016,South Sydney Rabbitohs,12,20,Manly Sea Eagles,
58,2016,St George Dragons,12,25,Wests Tigers,
59,2016,Cronulla Sharks,36,4,Newcastle Knights,
60,2016,Melbourne Storm,26,10,Sydney Roosters,
61,2016,Gold Coast Titans,34,14,Parramatta Eels,
62,2016,Canberra Raiders,26,22,New Zealand Warriors,
63,2016,Brisbane Broncos,12,31,Penrith Panthers,
64,2016,North QLD Cowboys,36,0,Canterbury Bulldogs,
65,2016,Sydney Roosters,20,32,Cronulla Sharks,
66,2016,Penrith Panthers,22,18,Parramatta Eels,
67,2016,Newcastle Knights,16,20,Melbourne Storm,
68,2016,South Sydney Rabbitohs,10,30,Brisbane Broncos,
69,2016,Manly Sea Eagles,15,14,New Zealand Warriors,
70,2016,St George Dragons,12,32,Gold Coast Titans,
71,2016,Canberra Raiders,26,12,North QLD Cowboys,
72,2016,Penrith Panthers,10,26,Cronulla Sharks,
73,2016,Canterbury Bulldogs,32,22,Wests Tigers,
74,2016,Parramatta Eels,22,18,Sydney Roosters,
75,2016,Manly Sea Eagles,36,6,St George Dragons,
76,2016,South Sydney Rabbitohs,0,20,North QLD Cowboys,
77,2016,Canberra Raiders,29,25,Newcastle Knights,
78,2016,Cronulla Sharks,34,24,Parramatta Eels,
79,2016,Wests Tigers,34,26,Penrith Panthers,
80,2016,New Zealand Warriors,27,18,Gold Coast Titans,
81,2016,Brisbane Broncos,6,48,Melbourne Storm,
82,2016,Sydney Roosters,20,24,Canterbury Bulldogs,
83,2016,North QLD Cowboys,30,26,Manly Sea Eagles,
84,2016,Melbourne Storm,29,20,Wests Tigers,
85,2016,Gold Coast Titans,22,30,Canberra Raiders,
86,2016,Canterbury Bulldogs,40,14,Brisbane Broncos,
87,2016,Cronulla Sharks,19,18,New Zealand Warriors,
88,2016,Newcastle Knights,18,30,St George Dragons,
89,2016,Penrith Panthers,28,26,South Sydney Rabbitohs,
90,2016,Gold Coast Titans,30,10,Manly Sea Eagles,
91,2016,New Zealand Warriors,12,10,Sydney Roosters,
92,2016,St George Dragons,20,10,Melbourne Storm,
93,2016,South Sydney Rabbitohs,12,30,Parramatta Eels,
94,2016,Cronulla Sharks,13,10,North QLD Cowboys,
95,2016,St George Dragons,16,34,Canterbury Bulldogs,
96,2016,Manly Sea Eagles,24,31,Penrith Panthers,
97,2016,Sydney Roosters,0,46,Melbourne Storm,
98,2016,Parramatta Eels,22,12,Gold Coast Titans,
99,2016,Newcastle Knights,14,50,New Zealand Warriors,
100,2016,Wests Tigers,30,14,South Sydney Rabbitohs,
101,2016,Brisbane Broncos,26,18,Canberra Raiders,
102,2016,Canterbury Bulldogs,18,20,Cronulla Sharks,
103,2016,South Sydney Rabbitohs,28,29,Gold Coast Titans,
104,2016,Sydney Roosters,32,18,Wests Tigers,
105,2016,Melbourne Storm,24,6,Penrith Panthers,
106,2016,North QLD Cowboys,46,16,Newcastle Knights,
107,2016,New Zealand Warriors,36,18,Brisbane Broncos,
108,2016,Canberra Raiders,30,18,Manly Sea Eagles,
109,2016,Newcastle Knights,18,20,Parramatta Eels,
110,2016,Canberra Raiders,32,20,Canterbury Bulldogs,
111,2016,St George Dragons,14,10,North QLD Cowboys,
112,2016,Brisbane Broncos,18,19,Wests Tigers,
113,2016,Parramatta Eels,6,18,Melbourne Storm,
114,2016,Canterbury Bulldogs,32,20,Sydney Roosters,
115,2016,Penrith Panthers,24,28,Gold Coast Titans,
116,2016,Cronulla Sharks,20,12,Manly Sea Eagles,
117,2016,New Zealand Warriors,12,38,Canberra Raiders,
118,2016,Wests Tigers,20,12,Newcastle Knights,
119,2016,North QLD Cowboys,19,18,Brisbane Broncos,
120,2016,South Sydney Rabbitohs,34,24,St George Dragons,
121,2016,Gold Coast Titans,26,6,Sydney Roosters,
122,2016,Wests Tigers,4,36,Canterbury Bulldogs,
123,2016,Newcastle Knights,0,62,Cronulla Sharks,
124,2016,Manly Sea Eagles,6,30,Brisbane Broncos,
125,2016,Melbourne Storm,15,14,North QLD Cowboys,
126,2016,Penrith Panthers,30,18,New Zealand Warriors,
127,2016,Parramatta Eels,20,22,South Sydney Rabbitohs,
128,2016,St George Dragons,16,12,Canberra Raiders,
129,2016,Cronulla Sharks,30,28,Brisbane Broncos,
130,2016,Gold Coast Titans,0,38,Melbourne Storm,
131,2016,New Zealand Warriors,26,10,St George Dragons,
132,2016,Manly Sea Eagles,18,34,North QLD Cowboys,
133,2016,Sydney Roosters,38,0,Newcastle Knights,
134,2016,Penrith Panthers,19,18,Canberra Raiders,
135,2016,Parramatta Eels,20,12,Canterbury Bulldogs,
136,2016,South Sydney Rabbitohs,22,30,Wests Tigers,
137,2016,Melbourne Storm,42,0,New Zealand Warriors,
138,2016,St George Dragons,20,18,Sydney Roosters,
139,2016,Newcastle Knights,10,26,Manly Sea Eagles,
140,2016,Cronulla Sharks,20,18,Penrith Panthers,
141,2016,North QLD Cowboys,32,16,Parramatta Eels,
142,2016,Canberra Raiders,60,6,Wests Tigers,
143,2016,Canterbury Bulldogs,21,20,Gold Coast Titans,
144,2016,Brisbane Broncos,30,8,South Sydney Rabbitohs,
145,2016,Sydney Roosters,16,20,Penrith Panthers,
146,2016,Wests Tigers,18,19,Melbourne Storm,
147,2016,Canberra Raiders,16,40,Cronulla Sharks,
148,2016,Brisbane Broncos,53,0,Newcastle Knights,
149,2016,Canterbury Bulldogs,20,24,New Zealand Warriors,
150,2016,Gold Coast Titans,14,19,St George Dragons,
151,2016,North QLD Cowboys,44,18,South Sydney Rabbitohs,
152,2016,Manly Sea Eagles,10,22,Parramatta Eels,
153,2016,Melbourne Storm,12,18,Canterbury Bulldogs,
154,2016,Newcastle Knights,18,16,Wests Tigers,
155,2016,Cronulla Sharks,25,20,Gold Coast Titans,
156,2016,Penrith Panthers,18,23,North QLD Cowboys,
157,2016,New Zealand Warriors,18,34,Manly Sea Eagles,
158,2016,Parramatta Eels,36,6,Canberra Raiders,
159,2016,South Sydney Rabbitohs,10,17,Sydney Roosters,
160,2016,Brisbane Broncos,26,0,St George Dragons,
161,2016,Canterbury Bulldogs,8,22,Canberra Raiders,
162,2016,Parramatta Eels,18,20,Penrith Panthers,
163,2016,Sydney Roosters,28,32,New Zealand Warriors,
164,2016,North QLD Cowboys,36,0,St George Dragons,
165,2016,Wests Tigers,26,34,Cronulla Sharks,
166,2016,Melbourne Storm,18,14,Newcastle Knights,
167,2016,Gold Coast Titans,16,24,Brisbane Broncos,
168,2016,Manly Sea Eagles,12,16,South Sydney Rabbitohs,
169,2016,Cronulla Sharks,14,6,Melbourne Storm,
170,2016,Wests Tigers,0,8,Parramatta Eels,
171,2016,New Zealand Warriors,40,18,Newcastle Knights,
172,2016,St George Dragons,14,12,Penrith Panthers,
173,2016,Sydney Roosters,20,22,Manly Sea Eagles,
174,2016,Canberra Raiders,20,24,Gold Coast Titans,
175,2016,Brisbane Broncos,21,20,North QLD Cowboys,
176,2016,South Sydney Rabbitohs,12,42,Canterbury Bulldogs,
177,2016,Manly Sea Eagles,22,12,Cronulla Sharks,
178,2016,St George Dragons,8,6,South Sydney Rabbitohs,
179,2016,New Zealand Warriors,14,21,Melbourne Storm,
180,2016,Gold Coast Titans,30,18,Wests Tigers,
181,2016,Penrith Panthers,23,22,Brisbane Broncos,
182,2016,Newcastle Knights,24,24,Canberra Raiders,
183,2016,Canterbury Bulldogs,6,20,Parramatta Eels,
184,2016,North QLD Cowboys,40,0,Sydney Roosters,
185,2016,Wests Tigers,36,22,Manly Sea Eagles,
186,2016,Melbourne Storm,34,16,Gold Coast Titans,
187,2016,Cronulla Sharks,30,2,St George Dragons,
188,2016,Parramatta Eels,20,16,North QLD Cowboys,
189,2016,South Sydney Rabbitohs,48,6,Newcastle Knights,
190,2016,Canberra Raiders,21,20,Sydney Roosters,
191,2016,Brisbane Broncos,25,10,New Zealand Warriors,
192,2016,Penrith Panthers,16,18,Canterbury Bulldogs,
193,2016,Melbourne Storm,18,16,St George Dragons,
194,2016,Gold Coast Titans,30,12,Newcastle Knights,
195,2016,Sydney Roosters,10,42,South Sydney Rabbitohs,
196,2016,North QLD Cowboys,20,14,Cronulla Sharks,
197,2016,Wests Tigers,34,26,New Zealand Warriors,
198,2016,Canberra Raiders,30,22,Penrith Panthers,
199,2016,Manly Sea Eagles,6,28,Canterbury Bulldogs,
200,2016,Parramatta Eels,4,17,Brisbane Broncos,
201,2015,Brisbane Broncos,16,17,North QLD Cowboys,
202,2015,Melbourne Storm,12,32,North QLD Cowboys,
203,2015,Brisbane Broncos,31,12,Sydney Roosters,
204,2015,North QLD Cowboys,39,0,Cronulla Sharks,
205,2015,Sydney Roosters,38,12,Canterbury Bulldogs,
206,2015,Cronulla Sharks,28,12,South Sydney Rabbitohs,
207,2015,Brisbane Broncos,16,12,North QLD Cowboys,
208,2015,Canterbury Bulldogs,11,10,St George Dragons,
209,2015,Sydney Roosters,18,20,Melbourne Storm,
210,2015,Canterbury Bulldogs,26,22,New Zealand Warriors,
211,2015,Cronulla Sharks,12,14,Manly Sea Eagles,
212,2015,Parramatta Eels,24,28,Canberra Raiders,
213,2015,North QLD Cowboys,42,12,Gold Coast Titans,
214,2015,St George Dragons,32,30,Wests Tigers,
215,2015,Penrith Panthers,30,12,Newcastle Knights,
216,2015,Sydney Roosters,30,0,South Sydney Rabbitohs,
217,2015,Brisbane Broncos,8,15,Melbourne Storm,
218,2015,Canberra Raiders,34,18,Penrith Panthers,
219,2015,Gold Coast Titans,28,26,St George Dragons,
220,2015,Wests Tigers,50,16,New Zealand Warriors,
221,2015,Melbourne Storm,14,6,North QLD Cowboys,
222,2015,Newcastle Knights,18,20,Canterbury Bulldogs,
223,2015,Parramatta Eels,28,35,Cronulla Sharks,
224,2015,Manly Sea Eagles,10,46,Sydney Roosters,
225,2015,South Sydney Rabbitohs,12,47,Brisbane Broncos,
226,2015,Melbourne Storm,6,20,Newcastle Knights,
227,2015,Manly Sea Eagles,16,20,Parramatta Eels,
228,2015,Gold Coast Titans,28,12,Canberra Raiders,
229,2015,Sydney Roosters,12,10,Brisbane Broncos,
230,2015,New Zealand Warriors,16,50,North QLD Cowboys,
231,2015,Cronulla Sharks,40,18,Wests Tigers,
232,2015,South Sydney Rabbitohs,18,32,Canterbury Bulldogs,
233,2015,St George Dragons,19,12,Penrith Panthers,
234,2015,Cronulla Sharks,2,30,Melbourne Storm,
235,2015,Canterbury Bulldogs,36,14,Gold Coast Titans,
236,2015,Canberra Raiders,24,26,Manly Sea Eagles,
237,2015,Sydney Roosters,28,18,Parramatta Eels,
238,2015,Penrith Panthers,24,10,New Zealand Warriors,
239,2015,Wests Tigers,18,24,Newcastle Knights,
240,2015,Brisbane Broncos,32,6,St George Dragons,
241,2015,North QLD Cowboys,18,31,South Sydney Rabbitohs,
242,2015,Canberra Raiders,18,20,Wests Tigers,
243,2015,Newcastle Knights,22,38,Sydney Roosters,
244,2015,Melbourne Storm,36,14,Gold Coast Titans,
245,2015,Parramatta Eels,10,4,Penrith Panthers,
246,2015,Cronulla Sharks,30,18,North QLD Cowboys,
247,2015,New Zealand Warriors,0,36,St George Dragons,
248,2015,Brisbane Broncos,16,18,Canterbury Bulldogs,
249,2015,Manly Sea Eagles,28,8,South Sydney Rabbitohs,
250,2015,Gold Coast Titans,24,14,Parramatta Eels,
251,2015,South Sydney Rabbitohs,20,16,Penrith Panthers,
252,2015,St George Dragons,46,24,Newcastle Knights,
253,2015,Manly Sea Eagles,44,14,Brisbane Broncos,
254,2015,North QLD Cowboys,32,24,Canberra Raiders,
255,2015,New Zealand Warriors,14,18,Cronulla Sharks,
256,2015,Sydney Roosters,38,28,Canterbury Bulldogs,
257,2015,Wests Tigers,34,16,Melbourne Storm,
258,2015,North QLD Cowboys,46,4,Parramatta Eels,
259,2015,Canterbury Bulldogs,16,18,Cronulla Sharks,
260,2015,Penrith Panthers,24,34,Canberra Raiders,
261,2015,South Sydney Rabbitohs,52,6,Newcastle Knights,
262,2015,Melbourne Storm,22,4,St George Dragons,
263,2015,New Zealand Warriors,12,32,Manly Sea Eagles,
264,2015,Brisbane Broncos,34,0,Gold Coast Titans,
265,2015,Wests Tigers,8,33,Sydney Roosters,
266,2015,Manly Sea Eagles,12,30,North QLD Cowboys,
267,2015,Brisbane Broncos,42,16,Wests Tigers,
268,2015,Sydney Roosters,24,0,New Zealand Warriors,
269,2015,St George Dragons,8,24,South Sydney Rabbitohs,
270,2015,Newcastle Knights,30,2,Gold Coast Titans,
271,2015,Canberra Raiders,20,21,Cronulla Sharks,
272,2015,Melbourne Storm,52,10,Penrith Panthers,
273,2015,Parramatta Eels,4,28,Canterbury Bulldogs,
274,2015,Gold Coast Titans,6,38,Manly Sea Eagles,
275,2015,Cronulla Sharks,28,8,St George Dragons,
276,2015,New Zealand Warriors,28,14,Melbourne Storm,
277,2015,Canterbury Bulldogs,8,16,Brisbane Broncos,
278,2015,Penrith Panthers,4,24,Sydney Roosters,
279,2015,Canberra Raiders,36,22,Newcastle Knights,
280,2015,Wests Tigers,16,28,Parramatta Eels,
281,2015,Manly Sea Eagles,28,16,Cronulla Sharks,
282,2015,St George Dragons,12,18,North QLD Cowboys,
283,2015,Penrith Panthers,20,6,South Sydney Rabbitohs,
284,2015,Canterbury Bulldogs,20,4,Melbourne Storm,
285,2015,Wests Tigers,12,35,Penrith Panthers,
286,2015,Sydney Roosters,20,10,Gold Coast Titans,
287,2015,Parramatta Eels,16,12,St George Dragons,
288,2015,North QLD Cowboys,18,24,Cronulla Sharks,
289,2015,New Zealand Warriors,30,8,Canberra Raiders,
290,2015,Brisbane Broncos,44,22,Newcastle Knights,
291,2015,South Sydney Rabbitohs,20,8,Manly Sea Eagles,
292,2015,St George Dragons,14,19,Sydney Roosters,
293,2015,Melbourne Storm,12,14,Brisbane Broncos,
294,2015,Newcastle Knights,28,30,Cronulla Sharks,
295,2015,Canterbury Bulldogs,24,12,Penrith Panthers,
296,2015,Gold Coast Titans,14,36,New Zealand Warriors,
297,2015,Canberra Raiders,20,21,North QLD Cowboys,
298,2015,Manly Sea Eagles,30,20,Wests Tigers,
299,2015,Melbourne Storm,22,26,Parramatta Eels,
300,2015,Gold Coast Titans,28,14,Canterbury Bulldogs,
301,2015,New Zealand Warriors,21,25,Sydney Roosters,
302,2015,Wests Tigers,34,6,South Sydney Rabbitohs,
303,2015,Parramatta Eels,30,36,North QLD Cowboys,
304,2015,Canterbury Bulldogs,29,16,St George Dragons,
305,2015,Cronulla Sharks,10,4,Sydney Roosters,
306,2015,Penrith Panthers,0,20,Melbourne Storm,
307,2015,South Sydney Rabbitohs,36,4,New Zealand Warriors,
308,2015,Newcastle Knights,22,44,Canberra Raiders,
309,2015,Brisbane Broncos,44,10,Manly Sea Eagles,
310,2015,Wests Tigers,20,27,Gold Coast Titans,
311,2015,Sydney Roosters,24,2,Melbourne Storm,
312,2015,St George Dragons,42,6,Cronulla Sharks,
313,2015,New Zealand Warriors,24,20,Newcastle Knights,
314,2015,North QLD Cowboys,18,14,Manly Sea Eagles,
315,2015,Canberra Raiders,12,24,Brisbane Broncos,
316,2015,Gold Coast Titans,16,22,South Sydney Rabbitohs,
317,2015,Penrith Panthers,20,26,Parramatta Eels,
318,2015,Newcastle Knights,18,31,Brisbane Broncos,
319,2015,Canberra Raiders,34,41,Canterbury Bulldogs,
320,2015,Wests Tigers,0,8,North QLD Cowboys,
321,2015,South Sydney Rabbitohs,14,12,Parramatta Eels,
322,2015,Manly Sea Eagles,10,11,Penrith Panthers,
323,2015,Newcastle Knights,22,12,Wests Tigers,
324,2015,St George Dragons,32,18,Canberra Raiders,
325,2015,Melbourne Storm,16,12,South Sydney Rabbitohs,
326,2015,Gold Coast Titans,22,23,Cronulla Sharks,
327,2015,Parramatta Eels,13,17,New Zealand Warriors,
328,2015,Canterbury Bulldogs,10,24,Sydney Roosters,
329,2015,North QLD Cowboys,31,20,Brisbane Broncos,
330,2015,South Sydney Rabbitohs,16,10,St George Dragons,
331,2015,Parramatta Eels,10,28,Melbourne Storm,
332,2015,Manly Sea Eagles,30,10,Newcastle Knights,
333,2015,North QLD Cowboys,23,16,Canterbury Bulldogs,
334,2015,Cronulla Sharks,16,20,New Zealand Warriors,
335,2015,Canberra Raiders,56,16,Gold Coast Titans,
336,2015,Brisbane Broncos,8,5,Penrith Panthers,
337,2015,Sydney Roosters,36,4,Wests Tigers,
338,2015,South Sydney Rabbitohs,22,30,Canberra Raiders,
339,2015,Penrith Panthers,26,18,Cronulla Sharks,
340,2015,Brisbane Broncos,28,16,Parramatta Eels,
341,2015,Melbourne Storm,10,12,Manly Sea Eagles,
342,2015,Sydney Roosters,12,14,St George Dragons,
343,2015,Newcastle Knights,26,26,North QLD Cowboys,
344,2015,New Zealand Warriors,28,32,Gold Coast Titans,
345,2015,Canterbury Bulldogs,14,38,Wests Tigers,
346,2015,Cronulla Sharks,18,10,South Sydney Rabbitohs,
347,2015,Newcastle Knights,22,28,Parramatta Eels,
348,2015,Wests Tigers,22,30,Canberra Raiders,
349,2015,Melbourne Storm,17,16,Sydney Roosters,
350,2015,North QLD Cowboys,28,24,New Zealand Warriors,
351,2015,Gold Coast Titans,32,6,Penrith Panthers,
352,2015,Canterbury Bulldogs,28,16,Manly Sea Eagles,
353,2015,St George Dragons,12,10,Brisbane Broncos,
354,2015,South Sydney Rabbitohs,12,30,North QLD Cowboys,
355,2015,St George Dragons,31,6,Canterbury Bulldogs,
356,2015,Canberra Raiders,10,14,Melbourne Storm,
357,2015,Penrith Panthers,22,12,Manly Sea Eagles,
358,2015,New Zealand Warriors,32,22,Wests Tigers,
359,2015,Parramatta Eels,16,38,Gold Coast Titans,
360,2015,Brisbane Broncos,22,18,Sydney Roosters,
361,2015,Cronulla Sharks,22,6,Newcastle Knights,
362,2015,Penrith Panthers,10,30,North QLD Cowboys,
363,2015,Melbourne Storm,30,14,New Zealand Warriors,
364,2015,Parramatta Eels,6,22,Wests Tigers,
365,2015,Sydney Roosters,12,20,Cronulla Sharks,
366,2015,Newcastle Knights,0,13,St George Dragons,
367,2015,Manly Sea Eagles,16,29,Canberra Raiders,
368,2015,Gold Coast Titans,16,26,Brisbane Broncos,
369,2015,Canterbury Bulldogs,17,18,South Sydney Rabbitohs,
370,2015,North QLD Cowboys,18,17,Melbourne Storm,
371,2015,Sydney Roosters,34,6,Canberra Raiders,
372,2015,New Zealand Warriors,16,24,Brisbane Broncos,
373,2015,St George Dragons,12,4,Manly Sea Eagles,
374,2015,Cronulla Sharks,22,24,Gold Coast Titans,
375,2015,Newcastle Knights,26,14,Penrith Panthers,
376,2015,Parramatta Eels,29,16,South Sydney Rabbitohs,
377,2015,Wests Tigers,24,25,Canterbury Bulldogs,
378,2015,Sydney Roosters,20,12,Penrith Panthers,
379,2015,Gold Coast Titans,18,20,Newcastle Knights,
380,2015,South Sydney Rabbitohs,20,6,Wests Tigers,
381,2015,Melbourne Storm,36,18,Cronulla Sharks,
382,2015,Canberra Raiders,20,22,St George Dragons,
383,2015,New Zealand Warriors,29,16,Parramatta Eels,
384,2015,Brisbane Broncos,44,22,North QLD Cowboys,
385,2015,Manly Sea Eagles,12,16,Canterbury Bulldogs,
386,2015,Wests Tigers,22,4,St George Dragons,
387,2015,Canberra Raiders,6,18,New Zealand Warriors,
388,2015,South Sydney Rabbitohs,34,26,Sydney Roosters,
389,2015,North QLD Cowboys,14,16,Newcastle Knights,
390,2015,Manly Sea Eagles,24,22,Melbourne Storm,
391,2015,Penrith Panthers,40,0,Gold Coast Titans,
392,2015,Cronulla Sharks,2,10,Brisbane Broncos,
393,2015,Canterbury Bulldogs,32,12,Parramatta Eels,
394,2015,St George Dragons,4,12,Melbourne Storm,
395,2015,Cronulla Sharks,20,24,Canberra Raiders,
396,2015,Penrith Panthers,24,18,Canterbury Bulldogs,
397,2015,North QLD Cowboys,4,28,Sydney Roosters,
398,2015,Gold Coast Titans,18,19,Wests Tigers,
399,2015,Newcastle Knights,24,14,New Zealand Warriors,
400,2015,Parramatta Eels,42,12,Manly Sea Eagles,
401,2015,Brisbane Broncos,6,36,South Sydney Rabbitohs,
402,2014,South Sydney Rabbitohs,30,6,Canterbury Bulldogs,
403,2014,Penrith Panthers,12,18,Canterbury Bulldogs,
404,2014,South Sydney Rabbitohs,32,22,Sydney Roosters,
405,2014,Manly Sea Eagles,17,18,Canterbury Bulldogs,
406,2014,Sydney Roosters,31,30,North QLD Cowboys,
407,2014,Melbourne Storm,4,28,Canterbury Bulldogs,
408,2014,North QLD Cowboys,32,20,Brisbane Broncos,
409,2014,Sydney Roosters,18,19,Penrith Panthers,
410,2014,Manly Sea Eagles,24,40,South Sydney Rabbitohs,
411,2014,Penrith Panthers,22,6,New Zealand Warriors,
412,2014,Gold Coast Titans,19,18,Canterbury Bulldogs,
413,2014,Newcastle Knights,40,10,St George Dragons,
414,2014,North QLD Cowboys,30,16,Manly Sea Eagles,
415,2014,Canberra Raiders,33,20,Parramatta Eels,
416,2014,Wests Tigers,26,10,Cronulla Sharks,
417,2014,Melbourne Storm,22,12,Brisbane Broncos,
418,2014,Sydney Roosters,22,18,South Sydney Rabbitohs,
419,2014,North QLD Cowboys,20,19,Cronulla Sharks,
420,2014,Manly Sea Eagles,26,25,Penrith Panthers,
421,2014,New Zealand Warriors,42,0,Gold Coast Titans,
422,2014,Sydney Roosters,24,12,Melbourne Storm,
423,2014,Canberra Raiders,27,12,Wests Tigers,
424,2014,Newcastle Knights,42,12,Parramatta Eels,
425,2014,Brisbane Broncos,30,22,St George Dragons,
426,2014,Canterbury Bulldogs,14,21,South Sydney Rabbitohs,
427,2014,Penrith Panthers,10,24,Melbourne Storm,
428,2014,St George Dragons,34,6,Gold Coast Titans,
429,2014,Cronulla Sharks,12,22,Canberra Raiders,
430,2014,New Zealand Warriors,12,46,Sydney Roosters,
431,2014,South Sydney Rabbitohs,10,22,North QLD Cowboys,
432,2014,Brisbane Broncos,48,6,Newcastle Knights,
433,2014,Parramatta Eels,22,12,Manly Sea Eagles,
434,2014,Canterbury Bulldogs,30,10,Wests Tigers,
435,2014,Penrith Panthers,23,22,North QLD Cowboys,
436,2014,Gold Coast Titans,12,15,Manly Sea Eagles,
437,2014,Newcastle Knights,28,22,New Zealand Warriors,
438,2014,Wests Tigers,4,48,Sydney Roosters,
439,2014,Melbourne Storm,48,6,Cronulla Sharks,
440,2014,Canberra Raiders,16,34,St George Dragons,
441,2014,Parramatta Eels,16,18,Canterbury Bulldogs,
442,2014,South Sydney Rabbitohs,42,16,Brisbane Broncos,
443,2014,Sydney Roosters,26,18,Gold Coast Titans,
444,2014,St George Dragons,4,16,Penrith Panthers,
445,2014,New Zealand Warriors,16,12,Cronulla Sharks,
446,2014,Parramatta Eels,18,10,Canberra Raiders,
447,2014,North QLD Cowboys,64,6,Wests Tigers,
448,2014,Newcastle Knights,32,30,Melbourne Storm,
449,2014,Brisbane Broncos,41,10,Canterbury Bulldogs,
450,2014,South Sydney Rabbitohs,23,4,Manly Sea Eagles,
451,2014,Wests Tigers,6,28,Melbourne Storm,
452,2014,South Sydney Rabbitohs,50,10,Newcastle Knights,
453,2014,Canberra Raiders,18,54,New Zealand Warriors,
454,2014,Sydney Roosters,30,22,St George Dragons,
455,2014,North QLD Cowboys,28,8,Gold Coast Titans,
456,2014,Cronulla Sharks,12,32,Parramatta Eels,
457,2014,Canterbury Bulldogs,16,22,Penrith Panthers,
458,2014,Manly Sea Eagles,16,4,Brisbane Broncos,
459,2014,Canberra Raiders,18,34,South Sydney Rabbitohs,
460,2014,Wests Tigers,12,28,St George Dragons,
461,2014,New Zealand Warriors,12,22,Manly Sea Eagles,
462,2014,Canterbury Bulldogs,12,20,North QLD Cowboys,
463,2014,Gold Coast Titans,18,24,Parramatta Eels,
464,2014,Penrith Panthers,16,18,Cronulla Sharks,
465,2014,Brisbane Broncos,8,30,Melbourne Storm,
466,2014,Newcastle Knights,16,12,Sydney Roosters,
467,2014,St George Dragons,12,21,Manly Sea Eagles,
468,2014,Wests Tigers,46,18,Canterbury Bulldogs,
469,2014,Newcastle Knights,8,22,Gold Coast Titans,
470,2014,Brisbane Broncos,28,22,New Zealand Warriors,
471,2014,Melbourne Storm,28,14,Canberra Raiders,
472,2014,Sydney Roosters,32,12,Penrith Panthers,
473,2014,Cronulla Sharks,18,36,North QLD Cowboys,
474,2014,Parramatta Eels,12,32,South Sydney Rabbitohs,
475,2014,Penrith Panthers,35,34,Brisbane Broncos,
476,2014,Cronulla Sharks,18,31,Newcastle Knights,
477,2014,Gold Coast Titans,20,36,Canberra Raiders,
478,2014,Melbourne Storm,4,6,Canterbury Bulldogs,
479,2014,New Zealand Warriors,48,0,Parramatta Eels,
480,2014,Manly Sea Eagles,40,8,Wests Tigers,
481,2014,South Sydney Rabbitohs,10,14,Gold Coast Titans,
482,2014,Wests Tigers,10,26,Penrith Panthers,
483,2014,Sydney Roosters,28,30,Cronulla Sharks,
484,2014,St George Dragons,27,24,North QLD Cowboys,
485,2014,Canterbury Bulldogs,23,16,Manly Sea Eagles,
486,2014,St George Dragons,24,12,Melbourne Storm,
487,2014,Parramatta Eels,10,16,Newcastle Knights,
488,2014,New Zealand Warriors,30,20,Penrith Panthers,
489,2014,North QLD Cowboys,20,18,South Sydney Rabbitohs,
490,2014,Wests Tigers,19,18,Canberra Raiders,
491,2014,Brisbane Broncos,22,24,Cronulla Sharks,
492,2014,Manly Sea Eagles,24,16,Sydney Roosters,
493,2014,Newcastle Knights,36,28,North QLD Cowboys,
494,2014,Gold Coast Titans,18,19,St George Dragons,
495,2014,Melbourne Storm,46,20,Parramatta Eels,
496,2014,Cronulla Sharks,0,26,Manly Sea Eagles,
497,2014,New Zealand Warriors,19,10,Brisbane Broncos,
498,2014,Canberra Raiders,14,22,Canterbury Bulldogs,
499,2014,Gold Coast Titans,20,24,Melbourne Storm,
500,2014,Canterbury Bulldogs,12,22,Parramatta Eels,
501,2014,Sydney Roosters,29,12,Newcastle Knights,
502,2014,Penrith Panthers,18,14,St George Dragons,
503,2014,South Sydney Rabbitohs,32,10,Wests Tigers,
504,2014,Canberra Raiders,4,28,Brisbane Broncos,
505,2014,Melbourne Storm,12,32,Sydney Roosters,
506,2014,Newcastle Knights,20,23,Wests Tigers,
507,2014,South Sydney Rabbitohs,34,18,New Zealand Warriors,
508,2014,St George Dragons,30,0,Cronulla Sharks,
509,2014,Gold Coast Titans,14,36,Penrith Panthers,
510,2014,Manly Sea Eagles,32,10,Canterbury Bulldogs,
511,2014,Parramatta Eels,18,16,North QLD Cowboys,
512,2014,South Sydney Rabbitohs,29,10,St George Dragons,
513,2014,Brisbane Broncos,36,10,Manly Sea Eagles,
514,2014,New Zealand Warriors,38,18,Newcastle Knights,
515,2014,North QLD Cowboys,22,0,Melbourne Storm,
516,2014,Sydney Roosters,26,12,Canberra Raiders,
517,2014,Penrith Panthers,38,12,Parramatta Eels,
518,2014,Cronulla Sharks,0,18,South Sydney Rabbitohs,
519,2014,Canberra Raiders,42,12,North QLD Cowboys,
520,2014,Wests Tigers,14,16,Brisbane Broncos,
521,2014,Gold Coast Titans,16,24,New Zealand Warriors,
522,2014,Canterbury Bulldogs,12,32,Sydney Roosters,
523,2014,Manly Sea Eagles,15,14,Newcastle Knights,
524,2014,Canberra Raiders,20,26,Penrith Panthers,
525,2014,Canterbury Bulldogs,16,12,New Zealand Warriors,
526,2014,North QLD Cowboys,42,10,Sydney Roosters,
527,2014,Cronulla Sharks,20,22,Wests Tigers,
528,2014,Parramatta Eels,36,0,St George Dragons,
529,2014,Brisbane Broncos,22,8,Gold Coast Titans,
530,2014,South Sydney Rabbitohs,14,27,Melbourne Storm,
531,2014,Parramatta Eels,42,24,Cronulla Sharks,
532,2014,St George Dragons,6,38,Canterbury Bulldogs,
533,2014,Newcastle Knights,10,32,Penrith Panthers,
534,2014,Melbourne Storm,22,19,Manly Sea Eagles,
535,2014,Gold Coast Titans,18,40,South Sydney Rabbitohs,
536,2014,New Zealand Warriors,54,12,Canberra Raiders,
537,2014,North QLD Cowboys,27,14,Brisbane Broncos,
538,2014,Sydney Roosters,30,6,Wests Tigers,
539,2014,Wests Tigers,6,22,Gold Coast Titans,
540,2014,Manly Sea Eagles,54,18,Canberra Raiders,
541,2014,Canterbury Bulldogs,16,12,Newcastle Knights,
542,2014,North QLD Cowboys,42,14,Parramatta Eels,
543,2014,Cronulla Sharks,24,20,Penrith Panthers,
544,2014,Brisbane Broncos,26,28,South Sydney Rabbitohs,
545,2014,Melbourne Storm,10,16,New Zealand Warriors,
546,2014,St George Dragons,14,34,Sydney Roosters,
547,2014,Penrith Panthers,14,12,Gold Coast Titans,
548,2014,Parramatta Eels,18,21,Wests Tigers,
549,2014,Canberra Raiders,24,22,Melbourne Storm,
550,2014,Cronulla Sharks,18,24,Sydney Roosters,
551,2014,St George Dragons,20,10,New Zealand Warriors,
552,2014,Manly Sea Eagles,26,21,North QLD Cowboys,
553,2014,Newcastle Knights,6,32,Brisbane Broncos,
554,2014,South Sydney Rabbitohs,14,15,Canterbury Bulldogs,
555,2014,Melbourne Storm,28,24,St George Dragons,
556,2014,Manly Sea Eagles,24,4,Cronulla Sharks,
557,2014,New Zealand Warriors,20,21,Canterbury Bulldogs,
558,2014,Wests Tigers,16,4,North QLD Cowboys,
559,2014,Parramatta Eels,14,12,Sydney Roosters,
560,2014,Canberra Raiders,12,26,Newcastle Knights,
561,2014,Gold Coast Titans,12,8,Brisbane Broncos,
562,2014,Penrith Panthers,2,18,South Sydney Rabbitohs,
563,2014,North QLD Cowboys,28,2,Newcastle Knights,
564,2014,Wests Tigers,34,18,Manly Sea Eagles,
565,2014,Melbourne Storm,26,28,Gold Coast Titans,
566,2014,St George Dragons,6,26,South Sydney Rabbitohs,
567,2014,Penrith Panthers,12,6,Canberra Raiders,
568,2014,Cronulla Sharks,37,6,New Zealand Warriors,
569,2014,Brisbane Broncos,18,25,Parramatta Eels,
570,2014,Sydney Roosters,8,9,Canterbury Bulldogs,
571,2014,Gold Coast Titans,13,12,North QLD Cowboys,
572,2014,Newcastle Knights,30,0,Cronulla Sharks,
573,2014,South Sydney Rabbitohs,18,30,Canberra Raiders,
574,2014,Canterbury Bulldogs,40,12,Melbourne Storm,
575,2014,Parramatta Eels,32,16,Penrith Panthers,
576,2014,New Zealand Warriors,42,18,Wests Tigers,
577,2014,St George Dragons,20,36,Brisbane Broncos,
578,2014,Sydney Roosters,0,8,Manly Sea Eagles,
579,2014,Melbourne Storm,28,20,Newcastle Knights,
580,2014,Canberra Raiders,12,24,Gold Coast Titans,
581,2014,Manly Sea Eagles,22,18,Parramatta Eels,
582,2014,North QLD Cowboys,16,20,New Zealand Warriors,
583,2014,Cronulla Sharks,12,14,St George Dragons,
584,2014,Penrith Panthers,18,16,Canterbury Bulldogs,
585,2014,Brisbane Broncos,26,30,Sydney Roosters,
586,2014,Wests Tigers,25,16,South Sydney Rabbitohs,
587,2014,Canterbury Bulldogs,42,4,Cronulla Sharks,
588,2014,Newcastle Knights,20,26,Canberra Raiders,
589,2014,Gold Coast Titans,12,42,Wests Tigers,
590,2014,Sydney Roosters,56,4,Parramatta Eels,
591,2014,Melbourne Storm,18,17,Penrith Panthers,
592,2014,New Zealand Warriors,12,31,St George Dragons,
593,2014,Brisbane Broncos,16,12,North QLD Cowboys,
594,2014,Manly Sea Eagles,14,12,South Sydney Rabbitohs,
595,2014,Cronulla Sharks,12,18,Gold Coast Titans,
596,2014,Parramatta Eels,36,16,New Zealand Warriors,
597,2014,St George Dragons,44,24,Wests Tigers,
598,2014,North QLD Cowboys,28,22,Canberra Raiders,
599,2014,Manly Sea Eagles,22,23,Melbourne Storm,
600,2014,Penrith Panthers,30,8,Newcastle Knights,
601,2014,Canterbury Bulldogs,12,18,Brisbane Broncos,
602,2014,South Sydney Rabbitohs,28,8,Sydney Roosters,
603,2013,Sydney Roosters,26,18,Manly Sea Eagles,
604,2013,Sydney Roosters,40,14,Newcastle Knights,
605,2013,South Sydney Rabbitohs,20,30,Manly Sea Eagles,
606,2013,Melbourne Storm,16,18,Newcastle Knights,
607,2013,Manly Sea Eagles,24,18,Cronulla Sharks,
608,2013,Canterbury Bulldogs,6,22,Newcastle Knights,
609,2013,Sydney Roosters,4,0,Manly Sea Eagles,
610,2013,Cronulla Sharks,20,18,North QLD Cowboys,
611,2013,South Sydney Rabbitohs,20,10,Melbourne Storm,
612,2013,Canberra Raiders,18,38,Cronulla Sharks,
613,2013,Newcastle Knights,54,6,Parramatta Eels,
614,2013,Manly Sea Eagles,26,38,Penrith Panthers,
615,2013,North QLD Cowboys,50,22,Wests Tigers,
616,2013,Melbourne Storm,23,22,Gold Coast Titans,
617,2013,St George Dragons,19,10,New Zealand Warriors,
618,2013,South Sydney Rabbitohs,12,24,Sydney Roosters,
619,2013,Brisbane Broncos,16,11,Canterbury Bulldogs,
620,2013,Parramatta Eels,26,22,St George Dragons,
621,2013,Sydney Roosters,22,30,Gold Coast Titans,
622,2013,Cronulla Sharks,18,31,North QLD Cowboys,
623,2013,Manly Sea Eagles,28,8,Melbourne Storm,
624,2013,Canterbury Bulldogs,34,14,Penrith Panthers,
625,2013,New Zealand Warriors,50,16,Canberra Raiders,
626,2013,Brisbane Broncos,18,26,Newcastle Knights,
627,2013,Wests Tigers,18,32,South Sydney Rabbitohs,
628,2013,Cronulla Sharks,32,2,Sydney Roosters,
629,2013,Melbourne Storm,64,4,Parramatta Eels,
630,2013,Canberra Raiders,22,36,Manly Sea Eagles,
631,2013,North QLD Cowboys,26,6,Newcastle Knights,
632,2013,Gold Coast Titans,22,24,New Zealand Warriors,
633,2013,St George Dragons,18,34,Wests Tigers,
634,2013,Penrith Panthers,28,12,Brisbane Broncos,
635,2013,South Sydney Rabbitohs,28,20,Canterbury Bulldogs,
636,2013,Wests Tigers,14,56,Sydney Roosters,
637,2013,Newcastle Knights,10,23,Melbourne Storm,
638,2013,New Zealand Warriors,24,28,Penrith Panthers,
639,2013,St George Dragons,18,22,Cronulla Sharks,
640,2013,North QLD Cowboys,22,10,Gold Coast Titans,
641,2013,Canberra Raiders,16,28,Canterbury Bulldogs,
642,2013,Brisbane Broncos,22,12,Parramatta Eels,
643,2013,South Sydney Rabbitohs,22,10,Manly Sea Eagles,
644,2013,Canterbury Bulldogs,16,26,Gold Coast Titans,
645,2013,Penrith Panthers,4,36,North QLD Cowboys,
646,2013,Brisbane Broncos,26,24,St George Dragons,
647,2013,Manly Sea Eagles,27,12,New Zealand Warriors,
648,2013,Cronulla Sharks,14,18,Newcastle Knights,
649,2013,Sydney Roosters,28,22,Canberra Raiders,
650,2013,Melbourne Storm,26,8,South Sydney Rabbitohs,
651,2013,Parramatta Eels,26,22,Wests Tigers,
652,2013,St George Dragons,20,39,Canterbury Bulldogs,
653,2013,Gold Coast Titans,36,6,Wests Tigers,
654,2013,Canberra Raiders,4,68,Melbourne Storm,
655,2013,North QLD Cowboys,30,12,South Sydney Rabbitohs,
656,2013,Parramatta Eels,6,40,Manly Sea Eagles,
657,2013,New Zealand Warriors,14,18,Cronulla Sharks,
658,2013,Newcastle Knights,18,18,Brisbane Broncos,
659,2013,Penrith Panthers,6,42,Sydney Roosters,
660,2013,Wests Tigers,18,36,Manly Sea Eagles,
661,2013,Newcastle Knights,12,28,Sydney Roosters,
662,2013,Cronulla Sharks,38,10,Penrith Panthers,
663,2013,New Zealand Warriors,30,22,Melbourne Storm,
664,2013,Gold Coast Titans,4,32,South Sydney Rabbitohs,
665,2013,St George Dragons,18,22,Canberra Raiders,
666,2013,Canterbury Bulldogs,40,12,Parramatta Eels,
667,2013,North QLD Cowboys,16,18,Brisbane Broncos,
668,2013,South Sydney Rabbitohs,18,22,St George Dragons,
669,2013,Manly Sea Eagles,38,20,Gold Coast Titans,
670,2013,Penrith Panthers,14,32,Newcastle Knights,
671,2013,Sydney Roosters,40,0,Cronulla Sharks,
672,2013,Canberra Raiders,14,0,Parramatta Eels,
673,2013,Wests Tigers,14,24,New Zealand Warriors,
674,2013,North QLD Cowboys,14,34,Manly Sea Eagles,
675,2013,Canterbury Bulldogs,39,0,Melbourne Storm,
676,2013,Parramatta Eels,10,17,Penrith Panthers,
677,2013,Brisbane Broncos,18,19,Cronulla Sharks,
678,2013,Manly Sea Eagles,50,10,Parramatta Eels,
679,2013,South Sydney Rabbitohs,30,13,New Zealand Warriors,
680,2013,Canterbury Bulldogs,12,18,Newcastle Knights,
681,2013,Canberra Raiders,26,18,North QLD Cowboys,
682,2013,Gold Coast Titans,18,40,Penrith Panthers,
683,2013,St George Dragons,0,36,Sydney Roosters,
684,2013,Cronulla Sharks,36,22,Wests Tigers,
685,2013,Melbourne Storm,32,0,Brisbane Broncos,
686,2013,Sydney Roosters,18,12,Manly Sea Eagles,
687,2013,North QLD Cowboys,24,4,Cronulla Sharks,
688,2013,New Zealand Warriors,18,16,Brisbane Broncos,
689,2013,Newcastle Knights,46,16,Gold Coast Titans,
690,2013,Penrith Panthers,25,10,St George Dragons,
691,2013,Wests Tigers,22,4,Melbourne Storm,
692,2013,South Sydney Rabbitohs,32,2,Canberra Raiders,
693,2013,Gold Coast Titans,18,12,Melbourne Storm,
694,2013,Parramatta Eels,10,30,South Sydney Rabbitohs,
695,2013,Wests Tigers,17,12,Canberra Raiders,
696,2013,Canterbury Bulldogs,18,20,Sydney Roosters,
697,2013,Brisbane Broncos,32,12,Wests Tigers,
698,2013,Sydney Roosters,12,23,New Zealand Warriors,
699,2013,Melbourne Storm,16,14,Newcastle Knights,
700,2013,South Sydney Rabbitohs,30,24,Gold Coast Titans,
701,2013,Cronulla Sharks,32,14,Parramatta Eels,
702,2013,Canberra Raiders,24,12,Penrith Panthers,
703,2013,Manly Sea Eagles,30,32,Canterbury Bulldogs,
704,2013,St George Dragons,16,22,North QLD Cowboys,
705,2013,Canberra Raiders,30,18,Brisbane Broncos,
706,2013,Melbourne Storm,38,6,Cronulla Sharks,
707,2013,Penrith Panthers,18,20,Wests Tigers,
708,2013,New Zealand Warriors,18,16,Manly Sea Eagles,
709,2013,North QLD Cowboys,26,36,Canterbury Bulldogs,
710,2013,Newcastle Knights,8,14,St George Dragons,
711,2013,Parramatta Eels,24,38,Sydney Roosters,
712,2013,Brisbane Broncos,18,56,New Zealand Warriors,
713,2013,Gold Coast Titans,31,12,North QLD Cowboys,
714,2013,South Sydney Rabbitohs,25,18,Newcastle Knights,
715,2013,Canterbury Bulldogs,16,14,St George Dragons,
716,2013,Cronulla Sharks,14,12,South Sydney Rabbitohs,
717,2013,Parramatta Eels,4,42,Gold Coast Titans,
718,2013,New Zealand Warriors,28,12,Newcastle Knights,
719,2013,Manly Sea Eagles,16,10,Canberra Raiders,
720,2013,Sydney Roosters,18,26,Melbourne Storm,
721,2013,St George Dragons,0,19,Penrith Panthers,
722,2013,Canterbury Bulldogs,24,14,Brisbane Broncos,
723,2013,Wests Tigers,22,20,North QLD Cowboys,
724,2013,Melbourne Storm,10,10,Manly Sea Eagles,
725,2013,Newcastle Knights,44,8,Canterbury Bulldogs,
726,2013,Cronulla Sharks,30,20,Canberra Raiders,
727,2013,North QLD Cowboys,8,12,Sydney Roosters,
728,2013,Penrith Panthers,62,6,New Zealand Warriors,
729,2013,St George Dragons,32,12,Parramatta Eels,
730,2013,Brisbane Broncos,32,6,Gold Coast Titans,
731,2013,South Sydney Rabbitohs,54,10,Wests Tigers,
732,2013,Manly Sea Eagles,4,16,Sydney Roosters,
733,2013,Penrith Panthers,12,10,Melbourne Storm,
734,2013,Gold Coast Titans,15,14,St George Dragons,
735,2013,Canberra Raiders,44,14,Newcastle Knights,
736,2013,Parramatta Eels,19,18,Brisbane Broncos,
737,2013,New Zealand Warriors,16,24,Canterbury Bulldogs,
738,2013,South Sydney Rabbitohs,28,10,North QLD Cowboys,
739,2013,Wests Tigers,6,30,Cronulla Sharks,
740,2013,St George Dragons,18,24,Manly Sea Eagles,
741,2013,Sydney Roosters,30,6,Penrith Panthers,
742,2013,Newcastle Knights,20,21,Cronulla Sharks,
743,2013,New Zealand Warriors,25,24,Gold Coast Titans,
744,2013,Parramatta Eels,10,14,North QLD Cowboys,
745,2013,Melbourne Storm,20,24,Canberra Raiders,
746,2013,Brisbane Broncos,12,26,South Sydney Rabbitohs,
747,2013,Canterbury Bulldogs,40,4,Wests Tigers,
748,2013,Penrith Panthers,44,12,Parramatta Eels,
749,2013,Cronulla Sharks,8,24,Canterbury Bulldogs,
750,2013,Gold Coast Titans,6,30,Newcastle Knights,
751,2013,Wests Tigers,10,20,Brisbane Broncos,
752,2013,North QLD Cowboys,30,12,Canberra Raiders,
753,2013,Manly Sea Eagles,12,20,South Sydney Rabbitohs,
754,2013,Melbourne Storm,28,18,New Zealand Warriors,
755,2013,Sydney Roosters,34,10,St George Dragons,
756,2013,Gold Coast Titans,28,22,Parramatta Eels,
757,2013,Wests Tigers,12,13,St George Dragons,
758,2013,Manly Sea Eagles,25,18,Cronulla Sharks,
759,2013,Canberra Raiders,20,16,New Zealand Warriors,
760,2013,South Sydney Rabbitohs,10,17,Melbourne Storm,
761,2013,Newcastle Knights,8,6,Penrith Panthers,
762,2013,Brisbane Broncos,12,10,North QLD Cowboys,
763,2013,Sydney Roosters,38,0,Canterbury Bulldogs,
764,2013,Melbourne Storm,26,12,Wests Tigers,
765,2013,Canberra Raiders,24,22,Sydney Roosters,
766,2013,St George Dragons,19,16,Newcastle Knights,
767,2013,New Zealand Warriors,22,24,South Sydney Rabbitohs,
768,2013,North QLD Cowboys,30,0,Penrith Panthers,
769,2013,Parramatta Eels,13,6,Cronulla Sharks,
770,2013,Gold Coast Titans,12,32,Brisbane Broncos,
771,2013,Canterbury Bulldogs,6,20,Manly Sea Eagles,
772,2013,Sydney Roosters,50,0,Parramatta Eels,
773,2013,New Zealand Warriors,20,18,North QLD Cowboys,
774,2013,Newcastle Knights,28,12,Canberra Raiders,
775,2013,Penrith Panthers,10,28,Gold Coast Titans,
776,2013,Cronulla Sharks,12,25,St George Dragons,
777,2013,Brisbane Broncos,26,32,Melbourne Storm,
778,2013,Canterbury Bulldogs,12,17,South Sydney Rabbitohs,
779,2013,Manly Sea Eagles,26,0,Wests Tigers,
780,2013,Newcastle Knights,34,6,North QLD Cowboys,
781,2013,Canberra Raiders,30,17,St George Dragons,
782,2013,Penrith Panthers,32,44,South Sydney Rabbitohs,
783,2013,Cronulla Sharks,28,4,New Zealand Warriors,
784,2013,Sydney Roosters,8,0,Brisbane Broncos,
785,2013,Gold Coast Titans,16,14,Manly Sea Eagles,
786,2013,Wests Tigers,31,18,Parramatta Eels,
787,2013,Melbourne Storm,22,18,Canterbury Bulldogs,
788,2013,South Sydney Rabbitohs,14,12,Cronulla Sharks,
789,2013,Manly Sea Eagles,32,0,Newcastle Knights,
790,2013,Wests Tigers,28,18,Penrith Panthers,
791,2013,Gold Coast Titans,36,0,Canberra Raiders,
792,2013,North QLD Cowboys,10,32,Melbourne Storm,
793,2013,New Zealand Warriors,14,16,Sydney Roosters,
794,2013,St George Dragons,6,22,Brisbane Broncos,
795,2013,Parramatta Eels,16,20,Canterbury Bulldogs,
796,2013,Newcastle Knights,42,10,Wests Tigers,
797,2013,Cronulla Sharks,12,10,Gold Coast Titans,
798,2013,Melbourne Storm,30,10,St George Dragons,
799,2013,Penrith Panthers,32,10,Canberra Raiders,
800,2013,Canterbury Bulldogs,12,24,North QLD Cowboys,
801,2013,Parramatta Eels,40,10,New Zealand Warriors,
802,2013,Brisbane Broncos,14,22,Manly Sea Eagles,
803,2013,Sydney Roosters,10,28,South Sydney Rabbitohs,
804,2012,Canterbury Bulldogs,4,14,Melbourne Storm,
805,2012,Canterbury Bulldogs,32,8,South Sydney Rabbitohs,
806,2012,Melbourne Storm,40,12,Manly Sea Eagles,
807,2012,South Sydney Rabbitohs,38,16,Canberra Raiders,
808,2012,Manly Sea Eagles,22,12,North QLD Cowboys,
809,2012,Canberra Raiders,34,16,Cronulla Sharks,
810,2012,North QLD Cowboys,33,16,Brisbane Broncos,
811,2012,Melbourne Storm,24,6,South Sydney Rabbitohs,
812,2012,Canterbury Bulldogs,16,10,Manly Sea Eagles,
813,2012,Parramatta Eels,8,29,St George Dragons,
814,2012,Cronulla Sharks,22,36,North QLD Cowboys,
815,2012,New Zealand Warriors,22,42,Canberra Raiders,
816,2012,Canterbury Bulldogs,42,10,Sydney Roosters,
817,2012,Wests Tigers,6,26,Melbourne Storm,
818,2012,Gold Coast Titans,16,24,Manly Sea Eagles,
819,2012,Brisbane Broncos,19,12,Penrith Panthers,
820,2012,Newcastle Knights,6,18,South Sydney Rabbitohs,
821,2012,Melbourne Storm,20,18,Cronulla Sharks,
822,2012,South Sydney Rabbitohs,38,6,Parramatta Eels,
823,2012,Sydney Roosters,44,20,Wests Tigers,
824,2012,North QLD Cowboys,22,14,Newcastle Knights,
825,2012,St George Dragons,38,6,New Zealand Warriors,
826,2012,Penrith Panthers,36,22,Gold Coast Titans,
827,2012,Canberra Raiders,34,6,Canterbury Bulldogs,
828,2012,Manly Sea Eagles,16,6,Brisbane Broncos,
829,2012,St George Dragons,22,32,North QLD Cowboys,
830,2012,Manly Sea Eagles,42,20,Newcastle Knights,
831,2012,Gold Coast Titans,24,16,Parramatta Eels,
832,2012,New Zealand Warriors,16,18,Penrith Panthers,
833,2012,Cronulla Sharks,20,7,South Sydney Rabbitohs,
834,2012,Canberra Raiders,24,20,Sydney Roosters,
835,2012,Brisbane Broncos,18,19,Melbourne Storm,
836,2012,Canterbury Bulldogs,23,22,Wests Tigers,
837,2012,Newcastle Knights,26,4,Cronulla Sharks,
838,2012,Canterbury Bulldogs,22,14,Brisbane Broncos,
839,2012,Penrith Panthers,10,20,Canberra Raiders,
840,2012,North QLD Cowboys,52,12,New Zealand Warriors,
841,2012,Wests Tigers,22,12,St George Dragons,
842,2012,Parramatta Eels,36,22,Sydney Roosters,
843,2012,Melbourne Storm,24,16,Gold Coast Titans,
844,2012,South Sydney Rabbitohs,6,23,Manly Sea Eagles,
845,2012,Wests Tigers,51,26,Parramatta Eels,
846,2012,Gold Coast Titans,18,22,South Sydney Rabbitohs,
847,2012,Canberra Raiders,28,12,Brisbane Broncos,
848,2012,New Zealand Warriors,4,45,Cronulla Sharks,
849,2012,North QLD Cowboys,6,8,Manly Sea Eagles,
850,2012,Newcastle Knights,10,26,Canterbury Bulldogs,
851,2012,Melbourne Storm,46,6,Penrith Panthers,
852,2012,Sydney Roosters,26,10,St George Dragons,
853,2012,Brisbane Broncos,22,42,Parramatta Eels,
854,2012,South Sydney Rabbitohs,32,6,Wests Tigers,
855,2012,Canberra Raiders,6,36,Newcastle Knights,
856,2012,Cronulla Sharks,20,21,Penrith Panthers,
857,2012,Manly Sea Eagles,24,22,New Zealand Warriors,
858,2012,Canterbury Bulldogs,32,18,North QLD Cowboys,
859,2012,St George Dragons,26,18,Melbourne Storm,
860,2012,Sydney Roosters,16,36,Gold Coast Titans,
861,2012,North QLD Cowboys,29,16,Wests Tigers,
862,2012,Penrith Panthers,28,16,Sydney Roosters,
863,2012,Cronulla Sharks,4,36,Canberra Raiders,
864,2012,Parramatta Eels,16,10,Melbourne Storm,
865,2012,South Sydney Rabbitohs,36,14,St George Dragons,
866,2012,New Zealand Warriors,19,24,Newcastle Knights,
867,2012,Gold Coast Titans,14,10,Brisbane Broncos,
868,2012,Manly Sea Eagles,12,20,Canterbury Bulldogs,
869,2012,Sydney Roosters,22,24,South Sydney Rabbitohs,
870,2012,St George Dragons,18,10,Cronulla Sharks,
871,2012,Canberra Raiders,26,38,Gold Coast Titans,
872,2012,Wests Tigers,26,18,Penrith Panthers,
873,2012,Melbourne Storm,16,20,North QLD Cowboys,
874,2012,Newcastle Knights,32,6,Manly Sea Eagles,
875,2012,Brisbane Broncos,10,8,New Zealand Warriors,
876,2012,Canterbury Bulldogs,32,12,Parramatta Eels,
877,2012,Cronulla Sharks,14,14,Sydney Roosters,
878,2012,Manly Sea Eagles,40,24,Parramatta Eels,
879,2012,South Sydney Rabbitohs,34,14,Newcastle Knights,
880,2012,Gold Coast Titans,14,32,New Zealand Warriors,
881,2012,Melbourne Storm,12,40,Canberra Raiders,
882,2012,Wests Tigers,20,32,Canterbury Bulldogs,
883,2012,Canberra Raiders,22,18,St George Dragons,
884,2012,South Sydney Rabbitohs,38,12,Penrith Panthers,
885,2012,New Zealand Warriors,35,18,North QLD Cowboys,
886,2012,Parramatta Eels,12,20,Newcastle Knights,
887,2012,Brisbane Broncos,12,26,Cronulla Sharks,
888,2012,Newcastle Knights,38,20,Wests Tigers,
889,2012,Sydney Roosters,14,52,Manly Sea Eagles,
890,2012,Canterbury Bulldogs,20,4,Melbourne Storm,
891,2012,Penrith Panthers,18,19,Parramatta Eels,
892,2012,North QLD Cowboys,40,18,Canberra Raiders,
893,2012,Brisbane Broncos,26,12,South Sydney Rabbitohs,
894,2012,St George Dragons,8,6,Gold Coast Titans,
895,2012,Manly Sea Eagles,22,26,Melbourne Storm,
896,2012,Wests Tigers,28,42,Sydney Roosters,
897,2012,Gold Coast Titans,36,18,Penrith Panthers,
898,2012,Parramatta Eels,6,24,South Sydney Rabbitohs,
899,2012,Cronulla Sharks,20,19,New Zealand Warriors,
900,2012,North QLD Cowboys,12,0,Brisbane Broncos,
901,2012,St George Dragons,20,28,Canterbury Bulldogs,
902,2012,Penrith Panthers,16,30,New Zealand Warriors,
903,2012,Sydney Roosters,22,40,Brisbane Broncos,
904,2012,Cronulla Sharks,22,12,Gold Coast Titans,
905,2012,Newcastle Knights,16,32,Canberra Raiders,
906,2012,Melbourne Storm,6,10,Wests Tigers,
907,2012,Parramatta Eels,29,20,Cronulla Sharks,
908,2012,Brisbane Broncos,50,24,Newcastle Knights,
909,2012,New Zealand Warriors,12,22,Melbourne Storm,
910,2012,Canterbury Bulldogs,23,18,South Sydney Rabbitohs,
911,2012,Canberra Raiders,0,40,Wests Tigers,
912,2012,Gold Coast Titans,28,12,North QLD Cowboys,
913,2012,Manly Sea Eagles,20,8,St George Dragons,
914,2012,Sydney Roosters,12,30,Canterbury Bulldogs,
915,2012,Wests Tigers,26,18,North QLD Cowboys,
916,2012,Penrith Panthers,22,4,Manly Sea Eagles,
917,2012,St George Dragons,14,12,Parramatta Eels,
918,2012,Newcastle Knights,14,24,Gold Coast Titans,
919,2012,Melbourne Storm,34,10,Brisbane Broncos,
920,2012,South Sydney Rabbitohs,36,18,Canberra Raiders,
921,2012,Canterbury Bulldogs,26,6,Cronulla Sharks,
922,2012,St George Dragons,18,19,South Sydney Rabbitohs,
923,2012,Manly Sea Eagles,18,10,Sydney Roosters,
924,2012,North QLD Cowboys,30,28,Penrith Panthers,
925,2012,Wests Tigers,24,22,New Zealand Warriors,
926,2012,Penrith Panthers,13,12,St George Dragons,
927,2012,Cronulla Sharks,12,10,Melbourne Storm,
928,2012,Canberra Raiders,40,34,Parramatta Eels,
929,2012,Newcastle Knights,12,32,North QLD Cowboys,
930,2012,New Zealand Warriors,30,26,Sydney Roosters,
931,2012,Canterbury Bulldogs,14,25,Gold Coast Titans,
932,2012,Brisbane Broncos,22,24,Manly Sea Eagles,
933,2012,South Sydney Rabbitohs,34,28,Cronulla Sharks,
934,2012,Sydney Roosters,24,6,Newcastle Knights,
935,2012,Manly Sea Eagles,18,12,Canberra Raiders,
936,2012,Gold Coast Titans,14,15,Wests Tigers,
937,2012,Penrith Panthers,10,44,Melbourne Storm,
938,2012,New Zealand Warriors,30,20,Brisbane Broncos,
939,2012,North QLD Cowboys,30,6,St George Dragons,
940,2012,Parramatta Eels,12,46,Canterbury Bulldogs,
941,2012,Newcastle Knights,34,14,Penrith Panthers,
942,2012,Parramatta Eels,30,31,Wests Tigers,
943,2012,Canberra Raiders,22,44,Cronulla Sharks,
944,2012,South Sydney Rabbitohs,20,16,North QLD Cowboys,
945,2012,Brisbane Broncos,26,6,Gold Coast Titans,
946,2012,Canterbury Bulldogs,10,12,Manly Sea Eagles,
947,2012,Melbourne Storm,32,14,New Zealand Warriors,
948,2012,St George Dragons,28,24,Sydney Roosters,
949,2012,Penrith Panthers,0,30,Wests Tigers,
950,2012,Cronulla Sharks,24,18,Parramatta Eels,
951,2012,New Zealand Warriors,44,22,South Sydney Rabbitohs,
952,2012,Manly Sea Eagles,14,26,Gold Coast Titans,
953,2012,Sydney Roosters,12,50,North QLD Cowboys,
954,2012,Melbourne Storm,12,6,Canterbury Bulldogs,
955,2012,Brisbane Broncos,30,6,Canberra Raiders,
956,2012,St George Dragons,12,4,Newcastle Knights,
957,2012,Manly Sea Eagles,30,0,Penrith Panthers,
958,2012,North QLD Cowboys,18,42,Melbourne Storm,
959,2012,Newcastle Knights,14,6,Parramatta Eels,
960,2012,Canberra Raiders,32,12,New Zealand Warriors,
961,2012,Cronulla Sharks,12,0,St George Dragons,
962,2012,Gold Coast Titans,12,18,Sydney Roosters,
963,2012,Wests Tigers,14,18,Brisbane Broncos,
964,2012,South Sydney Rabbitohs,20,10,Canterbury Bulldogs,
965,2012,Canberra Raiders,6,22,North QLD Cowboys,
966,2012,Wests Tigers,16,17,South Sydney Rabbitohs,
967,2012,Gold Coast Titans,20,30,Canterbury Bulldogs,
968,2012,Sydney Roosters,26,8,New Zealand Warriors,
969,2012,Parramatta Eels,29,20,Manly Sea Eagles,
970,2012,Penrith Panthers,14,15,Cronulla Sharks,
971,2012,Brisbane Broncos,28,20,St George Dragons,
972,2012,Melbourne Storm,34,22,Newcastle Knights,
973,2012,Wests Tigers,16,30,Canberra Raiders,
974,2012,Canterbury Bulldogs,6,20,Newcastle Knights,
975,2012,Melbourne Storm,44,4,Sydney Roosters,
976,2012,North QLD Cowboys,14,20,Cronulla Sharks,
977,2012,St George Dragons,17,6,Manly Sea Eagles,
978,2012,New Zealand Warriors,26,6,Gold Coast Titans,
979,2012,South Sydney Rabbitohs,12,20,Brisbane Broncos,
980,2012,Parramatta Eels,6,39,Penrith Panthers,
981,2012,Cronulla Sharks,17,14,Manly Sea Eagles,
982,2012,Penrith Panthers,24,40,South Sydney Rabbitohs,
983,2012,Sydney Roosters,14,8,Canberra Raiders,
984,2012,New Zealand Warriors,18,32,Canterbury Bulldogs,
985,2012,North QLD Cowboys,42,6,Parramatta Eels,
986,2012,Gold Coast Titans,6,30,Melbourne Storm,
987,2012,Newcastle Knights,10,24,Brisbane Broncos,
988,2012,St George Dragons,36,12,Wests Tigers,
989,2012,Parramatta Eels,20,36,New Zealand Warriors,
990,2012,Melbourne Storm,24,10,South Sydney Rabbitohs,
991,2012,Sydney Roosters,0,18,Penrith Panthers,
992,2012,Cronulla Sharks,6,18,Newcastle Knights,
993,2012,Canterbury Bulldogs,30,4,St George Dragons,
994,2012,Gold Coast Titans,12,24,Canberra Raiders,
995,2012,Brisbane Broncos,26,28,North QLD Cowboys,
996,2012,Manly Sea Eagles,22,18,Wests Tigers,
997,2012,South Sydney Rabbitohs,20,24,Sydney Roosters,
998,2012,Wests Tigers,17,16,Cronulla Sharks,
999,2012,New Zealand Warriors,20,26,Manly Sea Eagles,
1000,2012,North QLD Cowboys,0,18,Gold Coast Titans,
1001,2012,Penrith Panthers,14,22,Canterbury Bulldogs,
1002,2012,Canberra Raiders,19,24,Melbourne Storm,
1003,2012,Parramatta Eels,6,18,Brisbane Broncos,
1004,2012,Newcastle Knights,14,15,St George Dragons,
1005,2011,Manly Sea Eagles,24,10,New Zealand Warriors,
1006,2011,Melbourne Storm,12,20,New Zealand Warriors,
1007,2011,Manly Sea Eagles,26,14,Brisbane Broncos,
1008,2011,Brisbane Broncos,13,12,St George Dragons,
1009,2011,Wests Tigers,20,22,New Zealand Warriors,
1010,2011,Melbourne Storm,18,8,Newcastle Knights,
1011,2011,Manly Sea Eagles,42,8,North QLD Cowboys,
1012,2011,Brisbane Broncos,40,10,New Zealand Warriors,
1013,2011,Wests Tigers,21,12,St George Dragons,
1014,2011,Sydney Roosters,40,8,Melbourne Storm,
1015,2011,Brisbane Broncos,18,10,Manly Sea Eagles,
1016,2011,Canterbury Bulldogs,36,22,Canberra Raiders,
1017,2011,Cronulla Sharks,22,30,Wests Tigers,
1018,2011,Gold Coast Titans,12,32,Parramatta Eels,
1019,2011,New Zealand Warriors,18,6,North QLD Cowboys,
1020,2011,Newcastle Knights,40,24,South Sydney Rabbitohs,
1021,2011,St George Dragons,32,12,Penrith Panthers,
1022,2011,Wests Tigers,39,10,Gold Coast Titans,
1023,2011,Brisbane Broncos,22,10,South Sydney Rabbitohs,
1024,2011,St George Dragons,26,22,New Zealand Warriors,
1025,2011,North QLD Cowboys,28,20,Cronulla Sharks,
1026,2011,Canberra Raiders,18,19,Penrith Panthers,
1027,2011,Canterbury Bulldogs,32,22,Newcastle Knights,
1028,2011,Manly Sea Eagles,18,4,Melbourne Storm,
1029,2011,Parramatta Eels,12,13,Sydney Roosters,
1030,2011,Newcastle Knights,6,26,Brisbane Broncos,
1031,2011,Wests Tigers,31,12,Parramatta Eels,
1032,2011,Manly Sea Eagles,27,16,Canterbury Bulldogs,
1033,2011,Sydney Roosters,36,25,Cronulla Sharks,
1034,2011,Penrith Panthers,12,26,New Zealand Warriors,
1035,2011,Gold Coast Titans,26,18,Canberra Raiders,
1036,2011,South Sydney Rabbitohs,26,24,North QLD Cowboys,
1037,2011,Melbourne Storm,8,6,St George Dragons,
1038,2011,Cronulla Sharks,12,19,Canterbury Bulldogs,
1039,2011,St George Dragons,12,20,Sydney Roosters,
1040,2011,Canberra Raiders,18,47,South Sydney Rabbitohs,
1041,2011,Parramatta Eels,20,26,Manly Sea Eagles,
1042,2011,Gold Coast Titans,16,40,Melbourne Storm,
1043,2011,New Zealand Warriors,20,12,Newcastle Knights,
1044,2011,Penrith Panthers,18,32,Wests Tigers,
1045,2011,North QLD Cowboys,16,34,Brisbane Broncos,
1046,2011,South Sydney Rabbitohs,56,6,Parramatta Eels,
1047,2011,Manly Sea Eagles,36,8,Sydney Roosters,
1048,2011,Newcastle Knights,40,8,Canberra Raiders,
1049,2011,Brisbane Broncos,21,20,New Zealand Warriors,
1050,2011,Cronulla Sharks,16,20,Gold Coast Titans,
1051,2011,Melbourne Storm,26,6,Penrith Panthers,
1052,2011,Wests Tigers,16,14,St George Dragons,
1053,2011,Canterbury Bulldogs,14,6,North QLD Cowboys,
1054,2011,Parramatta Eels,18,22,Melbourne Storm,
1055,2011,St George Dragons,24,34,South Sydney Rabbitohs,
1056,2011,Newcastle Knights,50,20,Gold Coast Titans,
1057,2011,New Zealand Warriors,29,10,Canberra Raiders,
1058,2011,North QLD Cowboys,30,18,Penrith Panthers,
1059,2011,Sydney Roosters,32,28,Canterbury Bulldogs,
1060,2011,Brisbane Broncos,46,16,Cronulla Sharks,
1061,2011,Manly Sea Eagles,12,14,Wests Tigers,
1062,2011,Canberra Raiders,24,19,St George Dragons,
1063,2011,Penrith Panthers,8,12,Manly Sea Eagles,
1064,2011,South Sydney Rabbitohs,16,48,New Zealand Warriors,
1065,2011,Wests Tigers,19,12,Sydney Roosters,
1066,2011,Cronulla Sharks,0,18,Newcastle Knights,
1067,2011,Gold Coast Titans,20,28,North QLD Cowboys,
1068,2011,Melbourne Storm,26,6,Brisbane Broncos,
1069,2011,Canterbury Bulldogs,8,7,Parramatta Eels,
1070,2011,St George Dragons,38,8,Cronulla Sharks,
1071,2011,Newcastle Knights,10,32,Manly Sea Eagles,
1072,2011,Canberra Raiders,0,26,Melbourne Storm,
1073,2011,Penrith Panthers,23,22,Parramatta Eels,
1074,2011,North QLD Cowboys,18,38,Wests Tigers,
1075,2011,South Sydney Rabbitohs,21,20,Sydney Roosters,
1076,2011,Brisbane Broncos,30,10,Gold Coast Titans,
1077,2011,New Zealand Warriors,36,12,Canterbury Bulldogs,
1078,2011,Newcastle Knights,12,22,North QLD Cowboys,
1079,2011,Manly Sea Eagles,36,22,South Sydney Rabbitohs,
1080,2011,Sydney Roosters,34,26,Penrith Panthers,
1081,2011,Canterbury Bulldogs,18,28,Melbourne Storm,
1082,2011,Cronulla Sharks,26,12,Canberra Raiders,
1083,2011,Parramatta Eels,22,6,Wests Tigers,
1084,2011,New Zealand Warriors,22,6,Gold Coast Titans,
1085,2011,Sydney Roosters,12,38,Canberra Raiders,
1086,2011,St George Dragons,10,14,Newcastle Knights,
1087,2011,Cronulla Sharks,26,4,South Sydney Rabbitohs,
1088,2011,Penrith Panthers,20,6,Canterbury Bulldogs,
1089,2011,Parramatta Eels,12,16,Brisbane Broncos,
1090,2011,St George Dragons,24,6,Manly Sea Eagles,
1091,2011,Newcastle Knights,18,10,Sydney Roosters,
1092,2011,Penrith Panthers,30,20,North QLD Cowboys,
1093,2011,New Zealand Warriors,8,16,Melbourne Storm,
1094,2011,Canberra Raiders,25,12,Parramatta Eels,
1095,2011,Gold Coast Titans,12,36,Cronulla Sharks,
1096,2011,South Sydney Rabbitohs,16,12,Brisbane Broncos,
1097,2011,Wests Tigers,6,16,Canterbury Bulldogs,
1098,2011,Manly Sea Eagles,22,18,Parramatta Eels,
1099,2011,Wests Tigers,4,12,Melbourne Storm,
1100,2011,Canterbury Bulldogs,10,26,Cronulla Sharks,
1101,2011,North QLD Cowboys,30,10,New Zealand Warriors,
1102,2011,Newcastle Knights,16,12,Penrith Panthers,
1103,2011,South Sydney Rabbitohs,31,8,Gold Coast Titans,
1104,2011,Brisbane Broncos,21,14,St George Dragons,
1105,2011,Melbourne Storm,21,4,Sydney Roosters,
1106,2011,Brisbane Broncos,25,24,Canberra Raiders,
1107,2011,New Zealand Warriors,22,26,Wests Tigers,
1108,2011,Manly Sea Eagles,24,4,North QLD Cowboys,
1109,2011,St George Dragons,14,28,Gold Coast Titans,
1110,2011,Wests Tigers,17,16,Newcastle Knights,
1111,2011,South Sydney Rabbitohs,6,16,Melbourne Storm,
1112,2011,Canberra Raiders,24,40,North QLD Cowboys,
1113,2011,Sydney Roosters,13,6,New Zealand Warriors,
1114,2011,Canterbury Bulldogs,4,38,Manly Sea Eagles,
1115,2011,Gold Coast Titans,10,23,Penrith Panthers,
1116,2011,Cronulla Sharks,16,34,Brisbane Broncos,
1117,2011,Parramatta Eels,14,14,St George Dragons,
1118,2011,Penrith Panthers,22,10,South Sydney Rabbitohs,
1119,2011,St George Dragons,24,18,Wests Tigers,
1120,2011,Melbourne Storm,14,8,Cronulla Sharks,
1121,2011,North QLD Cowboys,20,6,Sydney Roosters,
1122,2011,Newcastle Knights,8,6,Parramatta Eels,
1123,2011,Canterbury Bulldogs,28,6,Gold Coast Titans,
1124,2011,Manly Sea Eagles,34,10,Brisbane Broncos,
1125,2011,Parramatta Eels,40,6,Cronulla Sharks,
1126,2011,Sydney Roosters,12,10,Newcastle Knights,
1127,2011,New Zealand Warriors,12,6,South Sydney Rabbitohs,
1128,2011,Wests Tigers,20,18,Penrith Panthers,
1129,2011,Canberra Raiders,20,12,Canterbury Bulldogs,
1130,2011,Gold Coast Titans,12,16,Manly Sea Eagles,
1131,2011,Cronulla Sharks,18,4,Sydney Roosters,
1132,2011,Newcastle Knights,16,25,New Zealand Warriors,
1133,2011,North QLD Cowboys,40,26,Parramatta Eels,
1134,2011,South Sydney Rabbitohs,29,18,Wests Tigers,
1135,2011,Melbourne Storm,12,20,Canberra Raiders,
1136,2011,Penrith Panthers,33,10,Brisbane Broncos,
1137,2011,Canterbury Bulldogs,10,15,St George Dragons,
1138,2011,Manly Sea Eagles,20,0,Canberra Raiders,
1139,2011,St George Dragons,22,8,North QLD Cowboys,
1140,2011,Gold Coast Titans,14,34,New Zealand Warriors,
1141,2011,Brisbane Broncos,22,29,Melbourne Storm,
1142,2011,St George Dragons,30,0,Parramatta Eels,
1143,2011,Canberra Raiders,12,49,Wests Tigers,
1144,2011,New Zealand Warriors,26,18,Penrith Panthers,
1145,2011,Melbourne Storm,42,12,Newcastle Knights,
1146,2011,North QLD Cowboys,22,20,Manly Sea Eagles,
1147,2011,Gold Coast Titans,24,13,Sydney Roosters,
1148,2011,South Sydney Rabbitohs,31,12,Cronulla Sharks,
1149,2011,Brisbane Broncos,20,12,Canterbury Bulldogs,
1150,2011,Melbourne Storm,14,18,New Zealand Warriors,
1151,2011,Sydney Roosters,10,24,St George Dragons,
1152,2011,Parramatta Eels,22,18,Gold Coast Titans,
1153,2011,Canberra Raiders,12,22,Newcastle Knights,
1154,2011,Canterbury Bulldogs,36,24,South Sydney Rabbitohs,
1155,2011,Cronulla Sharks,12,30,North QLD Cowboys,
1156,2011,Manly Sea Eagles,22,16,Penrith Panthers,
1157,2011,Wests Tigers,18,31,Brisbane Broncos,
1158,2011,South Sydney Rabbitohs,0,16,St George Dragons,
1159,2011,Penrith Panthers,10,25,Melbourne Storm,
1160,2011,Newcastle Knights,24,20,Cronulla Sharks,
1161,2011,North QLD Cowboys,26,18,Canberra Raiders,
1162,2011,Sydney Roosters,6,24,Brisbane Broncos,
1163,2011,Manly Sea Eagles,20,10,New Zealand Warriors,
1164,2011,Gold Coast Titans,20,14,Wests Tigers,
1165,2011,Parramatta Eels,14,34,Canterbury Bulldogs,
1166,2011,Brisbane Broncos,17,6,Newcastle Knights,
1167,2011,St George Dragons,25,6,Canterbury Bulldogs,
1168,2011,Melbourne Storm,38,0,Parramatta Eels,
1169,2011,Penrith Panthers,36,10,Canberra Raiders,
1170,2011,Cronulla Sharks,13,19,Manly Sea Eagles,
1171,2011,New Zealand Warriors,24,12,Sydney Roosters,
1172,2011,Wests Tigers,30,6,South Sydney Rabbitohs,
1173,2011,North QLD Cowboys,22,12,Gold Coast Titans,
1174,2011,Melbourne Storm,30,16,Canterbury Bulldogs,
1175,2011,Sydney Roosters,24,6,Wests Tigers,
1176,2011,Newcastle Knights,18,20,St George Dragons,
1177,2011,Cronulla Sharks,18,26,New Zealand Warriors,
1178,2011,Parramatta Eels,22,20,North QLD Cowboys,
1179,2011,Canberra Raiders,22,23,Gold Coast Titans,
1180,2011,Brisbane Broncos,18,10,Penrith Panthers,
1181,2011,South Sydney Rabbitohs,32,30,Manly Sea Eagles,
1182,2011,North QLD Cowboys,34,6,Melbourne Storm,
1183,2011,Manly Sea Eagles,26,12,Newcastle Knights,
1184,2011,Canterbury Bulldogs,24,20,Sydney Roosters,
1185,2011,New Zealand Warriors,12,25,St George Dragons,
1186,2011,Wests Tigers,34,24,Canberra Raiders,
1187,2011,Penrith Panthers,12,44,Cronulla Sharks,
1188,2011,Gold Coast Titans,8,14,Brisbane Broncos,
1189,2011,Parramatta Eels,18,32,South Sydney Rabbitohs,
1190,2011,Cronulla Sharks,16,10,St George Dragons,
1191,2011,Sydney Roosters,16,27,Manly Sea Eagles,
1192,2011,South Sydney Rabbitohs,19,28,Canterbury Bulldogs,
1193,2011,North QLD Cowboys,22,34,Newcastle Knights,
1194,2011,Wests Tigers,20,12,New Zealand Warriors,
1195,2011,Melbourne Storm,40,12,Gold Coast Titans,
1196,2011,Canberra Raiders,4,20,Brisbane Broncos,
1197,2011,Parramatta Eels,6,20,Penrith Panthers,
1198,2011,Canterbury Bulldogs,24,14,Wests Tigers,
1199,2011,Penrith Panthers,8,42,Newcastle Knights,
1200,2011,Canberra Raiders,40,12,Cronulla Sharks,
1201,2011,Melbourne Storm,18,6,Manly Sea Eagles,
1202,2011,Gold Coast Titans,16,25,St George Dragons,
1203,2011,New Zealand Warriors,18,24,Parramatta Eels,
1204,2011,Brisbane Broncos,14,16,North QLD Cowboys,
1205,2011,Sydney Roosters,40,29,South Sydney Rabbitohs,
1206,2010,St George Dragons,32,8,Sydney Roosters,
1207,2010,St George Dragons,13,12,Wests Tigers,
1208,2010,Gold Coast Titans,6,32,Sydney Roosters,
1209,2010,Sydney Roosters,34,12,Penrith Panthers,
1210,2010,Canberra Raiders,24,26,Wests Tigers,
1211,2010,St George Dragons,28,0,Manly Sea Eagles,
1212,2010,Penrith Panthers,22,24,Canberra Raiders,
1213,2010,Wests Tigers,15,19,Sydney Roosters,
1214,2010,Gold Coast Titans,28,16,New Zealand Warriors,
1215,2010,St George Dragons,38,24,South Sydney Rabbitohs,
1216,2010,Manly Sea Eagles,24,30,Canterbury Bulldogs,
1217,2010,Melbourne Storm,34,4,Newcastle Knights,
1218,2010,Penrith Panthers,50,12,Cronulla Sharks,
1219,2010,North QLD Cowboys,8,18,Sydney Roosters,
1220,2010,Parramatta Eels,12,26,New Zealand Warriors,
1221,2010,Gold Coast Titans,21,18,Wests Tigers,
1222,2010,Brisbane Broncos,16,18,Canberra Raiders,
1223,2010,Canterbury Bulldogs,18,24,Penrith Panthers,
1224,2010,Sydney Roosters,30,14,Manly Sea Eagles,
1225,2010,Wests Tigers,26,14,Melbourne Storm,
1226,2010,Canberra Raiders,48,4,North QLD Cowboys,
1227,2010,Newcastle Knights,18,26,St George Dragons,
1228,2010,Cronulla Sharks,30,16,Gold Coast Titans,
1229,2010,South Sydney Rabbitohs,24,16,Parramatta Eels,
1230,2010,New Zealand Warriors,36,4,Brisbane Broncos,
1231,2010,Sydney Roosters,14,23,Gold Coast Titans,
1232,2010,Parramatta Eels,18,20,Wests Tigers,
1233,2010,Canberra Raiders,32,16,St George Dragons,
1234,2010,Melbourne Storm,24,4,Cronulla Sharks,
1235,2010,North QLD Cowboys,20,22,Canterbury Bulldogs,
1236,2010,Manly Sea Eagles,19,16,New Zealand Warriors,
1237,2010,Penrith Panthers,54,18,South Sydney Rabbitohs,
1238,2010,Newcastle Knights,44,18,Brisbane Broncos,
1239,2010,St George Dragons,32,10,Manly Sea Eagles,
1240,2010,Wests Tigers,43,18,Penrith Panthers,
1241,2010,Melbourne Storm,18,16,South Sydney Rabbitohs,
1242,2010,New Zealand Warriors,22,10,Newcastle Knights,
1243,2010,Canterbury Bulldogs,14,28,Canberra Raiders,
1244,2010,Gold Coast Titans,37,18,North QLD Cowboys,
1245,2010,Cronulla Sharks,18,12,Sydney Roosters,
1246,2010,Brisbane Broncos,14,30,Parramatta Eels,
1247,2010,Canberra Raiders,30,26,Penrith Panthers,
1248,2010,Sydney Roosters,12,19,St George Dragons,
1249,2010,Newcastle Knights,30,6,Canterbury Bulldogs,
1250,2010,South Sydney Rabbitohs,34,30,Wests Tigers,
1251,2010,Cronulla Sharks,10,37,New Zealand Warriors,
1252,2010,Manly Sea Eagles,26,6,Melbourne Storm,
1253,2010,Gold Coast Titans,34,12,Parramatta Eels,
1254,2010,North QLD Cowboys,26,34,Brisbane Broncos,
1255,2010,Newcastle Knights,32,14,Manly Sea Eagles,
1256,2010,Brisbane Broncos,10,6,St George Dragons,
1257,2010,Melbourne Storm,36,12,Canberra Raiders,
1258,2010,New Zealand Warriors,20,28,Gold Coast Titans,
1259,2010,Wests Tigers,24,22,Cronulla Sharks,
1260,2010,Parramatta Eels,12,48,Sydney Roosters,
1261,2010,Canterbury Bulldogs,32,12,South Sydney Rabbitohs,
1262,2010,Penrith Panthers,24,16,North QLD Cowboys,
1263,2010,Brisbane Broncos,30,34,Sydney Roosters,
1264,2010,Manly Sea Eagles,38,20,Wests Tigers,
1265,2010,South Sydney Rabbitohs,38,28,New Zealand Warriors,
1266,2010,North QLD Cowboys,28,24,Newcastle Knights,
1267,2010,Melbourne Storm,18,10,Penrith Panthers,
1268,2010,Canberra Raiders,20,13,Cronulla Sharks,
1269,2010,Canterbury Bulldogs,16,32,Parramatta Eels,
1270,2010,St George Dragons,10,11,Gold Coast Titans,
1271,2010,Wests Tigers,26,16,North QLD Cowboys,
1272,2010,Sydney Roosters,36,32,Canterbury Bulldogs,
1273,2010,Canberra Raiders,52,18,Newcastle Knights,
1274,2010,Penrith Panthers,28,34,Parramatta Eels,
1275,2010,Cronulla Sharks,18,48,Manly Sea Eagles,
1276,2010,New Zealand Warriors,13,6,Melbourne Storm,
1277,2010,South Sydney Rabbitohs,13,16,St George Dragons,
1278,2010,Gold Coast Titans,10,24,Brisbane Broncos,
1279,2010,Parramatta Eels,36,24,North QLD Cowboys,
1280,2010,Penrith Panthers,6,12,New Zealand Warriors,
1281,2010,Newcastle Knights,21,10,Cronulla Sharks,
1282,2010,Canterbury Bulldogs,20,18,Melbourne Storm,
1283,2010,Manly Sea Eagles,22,24,Canberra Raiders,
1284,2010,Sydney Roosters,18,14,South Sydney Rabbitohs,
1285,2010,Wests Tigers,15,14,Gold Coast Titans,
1286,2010,St George Dragons,8,12,Penrith Panthers,
1287,2010,New Zealand Warriors,35,6,Parramatta Eels,
1288,2010,Canberra Raiders,12,22,Sydney Roosters,
1289,2010,Cronulla Sharks,12,24,Canterbury Bulldogs,
1290,2010,Brisbane Broncos,14,16,Wests Tigers,
1291,2010,Canberra Raiders,10,18,Canterbury Bulldogs,
1292,2010,Gold Coast Titans,16,24,Newcastle Knights,
1293,2010,Sydney Roosters,18,20,New Zealand Warriors,
1294,2010,South Sydney Rabbitohs,16,14,Melbourne Storm,
1295,2010,North QLD Cowboys,19,20,Cronulla Sharks,
1296,2010,Parramatta Eels,6,10,Brisbane Broncos,
1297,2010,Penrith Panthers,40,22,Manly Sea Eagles,
1298,2010,St George Dragons,34,10,Wests Tigers,
1299,2010,Newcastle Knights,6,4,Parramatta Eels,
1300,2010,Wests Tigers,18,8,Canberra Raiders,
1301,2010,Cronulla Sharks,4,22,St George Dragons,
1302,2010,Manly Sea Eagles,26,25,South Sydney Rabbitohs,
1303,2010,Melbourne Storm,58,12,North QLD Cowboys,
1304,2010,Canterbury Bulldogs,24,25,Gold Coast Titans,
1305,2010,Brisbane Broncos,12,22,Penrith Panthers,
1306,2010,Melbourne Storm,6,38,Sydney Roosters,
1307,2010,Brisbane Broncos,50,22,South Sydney Rabbitohs,
1308,2010,Newcastle Knights,24,32,New Zealand Warriors,
1309,2010,North QLD Cowboys,16,8,Canberra Raiders,
1310,2010,Gold Coast Titans,28,14,Manly Sea Eagles,
1311,2010,South Sydney Rabbitohs,32,4,North QLD Cowboys,
1312,2010,Manly Sea Eagles,6,22,Brisbane Broncos,
1313,2010,Canberra Raiders,28,24,Gold Coast Titans,
1314,2010,New Zealand Warriors,20,22,St George Dragons,
1315,2010,Sydney Roosters,18,42,Cronulla Sharks,
1316,2010,Penrith Panthers,28,10,Newcastle Knights,
1317,2010,Parramatta Eels,24,10,Melbourne Storm,
1318,2010,Canterbury Bulldogs,12,19,Wests Tigers,
1319,2010,Gold Coast Titans,16,30,Sydney Roosters,
1320,2010,South Sydney Rabbitohs,42,22,Penrith Panthers,
1321,2010,Melbourne Storm,23,12,Canterbury Bulldogs,
1322,2010,North QLD Cowboys,20,24,Manly Sea Eagles,
1323,2010,Cronulla Sharks,4,20,Brisbane Broncos,
1324,2010,Wests Tigers,50,6,New Zealand Warriors,
1325,2010,St George Dragons,30,0,Parramatta Eels,
1326,2010,Penrith Panthers,31,16,Canterbury Bulldogs,
1327,2010,St George Dragons,14,22,Canberra Raiders,
1328,2010,New Zealand Warriors,26,24,South Sydney Rabbitohs,
1329,2010,Parramatta Eels,18,22,Cronulla Sharks,
1330,2010,Newcastle Knights,6,23,Wests Tigers,
1331,2010,Manly Sea Eagles,12,19,Parramatta Eels,
1332,2010,Cronulla Sharks,14,34,Penrith Panthers,
1333,2010,Wests Tigers,10,50,South Sydney Rabbitohs,
1334,2010,Sydney Roosters,18,34,Newcastle Knights,
1335,2010,Canberra Raiders,6,17,Melbourne Storm,
1336,2010,New Zealand Warriors,24,12,North QLD Cowboys,
1337,2010,Brisbane Broncos,28,6,Gold Coast Titans,
1338,2010,Canterbury Bulldogs,6,19,St George Dragons,
1339,2010,Sydney Roosters,14,32,North QLD Cowboys,
1340,2010,Melbourne Storm,14,36,Brisbane Broncos,
1341,2010,Newcastle Knights,36,38,Gold Coast Titans,
1342,2010,Manly Sea Eagles,24,6,St George Dragons,
1343,2010,South Sydney Rabbitohs,22,30,Manly Sea Eagles,
1344,2010,Wests Tigers,8,12,Sydney Roosters,
1345,2010,St George Dragons,38,0,Cronulla Sharks,
1346,2010,North QLD Cowboys,6,34,Melbourne Storm,
1347,2010,Gold Coast Titans,38,24,Penrith Panthers,
1348,2010,New Zealand Warriors,16,23,Canberra Raiders,
1349,2010,Parramatta Eels,26,10,Canterbury Bulldogs,
1350,2010,Brisbane Broncos,22,30,Newcastle Knights,
1351,2010,Manly Sea Eagles,22,24,Gold Coast Titans,
1352,2010,Melbourne Storm,40,6,New Zealand Warriors,
1353,2010,St George Dragons,28,6,Sydney Roosters,
1354,2010,Canberra Raiders,24,26,South Sydney Rabbitohs,
1355,2010,Cronulla Sharks,26,6,Newcastle Knights,
1356,2010,Penrith Panthers,26,18,Wests Tigers,
1357,2010,Canterbury Bulldogs,36,18,Brisbane Broncos,
1358,2010,North QLD Cowboys,18,24,Parramatta Eels,
1359,2010,Melbourne Storm,16,18,Manly Sea Eagles,
1360,2010,Parramatta Eels,22,8,South Sydney Rabbitohs,
1361,2010,Brisbane Broncos,44,16,Cronulla Sharks,
1362,2010,New Zealand Warriors,12,40,Penrith Panthers,
1363,2010,Sydney Roosters,36,6,Canberra Raiders,
1364,2010,Newcastle Knights,36,18,North QLD Cowboys,
1365,2010,Gold Coast Titans,6,19,St George Dragons,
1366,2010,Wests Tigers,4,24,Canterbury Bulldogs,
1367,2010,Parramatta Eels,14,24,Canberra Raiders,
1368,2010,Penrith Panthers,28,6,Sydney Roosters,
1369,2010,Manly Sea Eagles,40,12,Cronulla Sharks,
1370,2010,Canterbury Bulldogs,24,30,New Zealand Warriors,
1371,2010,North QLD Cowboys,16,23,Wests Tigers,
1372,2010,South Sydney Rabbitohs,28,10,Newcastle Knights,
1373,2010,St George Dragons,34,16,Brisbane Broncos,
1374,2010,Gold Coast Titans,20,16,Melbourne Storm,
1375,2010,South Sydney Rabbitohs,38,16,Canterbury Bulldogs,
1376,2010,Newcastle Knights,30,34,Penrith Panthers,
1377,2010,Canberra Raiders,22,35,Wests Tigers,
1378,2010,New Zealand Warriors,6,14,Manly Sea Eagles,
1379,2010,North QLD Cowboys,32,18,Gold Coast Titans,
1380,2010,Cronulla Sharks,11,0,Parramatta Eels,
1381,2010,Sydney Roosters,25,6,Brisbane Broncos,
1382,2010,Melbourne Storm,17,4,St George Dragons,
1383,2010,Cronulla Sharks,8,30,South Sydney Rabbitohs,
1384,2010,Canterbury Bulldogs,60,14,Sydney Roosters,
1385,2010,Brisbane Broncos,16,48,New Zealand Warriors,
1386,2010,Gold Coast Titans,24,4,Canberra Raiders,
1387,2010,Manly Sea Eagles,36,12,Newcastle Knights,
1388,2010,Penrith Panthers,10,16,Melbourne Storm,
1389,2010,St George Dragons,33,8,North QLD Cowboys,
1390,2010,Wests Tigers,23,12,Parramatta Eels,
1391,2010,Canberra Raiders,22,14,Brisbane Broncos,
1392,2010,Sydney Roosters,44,32,Wests Tigers,
1393,2010,Parramatta Eels,24,20,Manly Sea Eagles,
1394,2010,North QLD Cowboys,28,20,Penrith Panthers,
1395,2010,Newcastle Knights,14,20,Melbourne Storm,
1396,2010,New Zealand Warriors,30,16,Cronulla Sharks,
1397,2010,South Sydney Rabbitohs,18,19,Gold Coast Titans,
1398,2010,St George Dragons,26,6,Canterbury Bulldogs,
1399,2010,Wests Tigers,26,22,Manly Sea Eagles,
1400,2010,South Sydney Rabbitohs,10,36,Sydney Roosters,
1401,2010,Gold Coast Titans,24,18,New Zealand Warriors,
1402,2010,Penrith Panthers,34,16,Canberra Raiders,
1403,2010,Cronulla Sharks,10,14,Melbourne Storm,
1404,2010,Canterbury Bulldogs,16,20,Newcastle Knights,
1405,2010,Brisbane Broncos,30,24,North QLD Cowboys,
1406,2010,Parramatta Eels,12,18,St George Dragons,
1407,2009,Parramatta Eels,16,23,Melbourne Storm,
1408,2009,Melbourne Storm,40,10,Brisbane Broncos,
1409,2009,Canterbury Bulldogs,12,22,Parramatta Eels,
1410,2009,Brisbane Broncos,24,10,St George Dragons,
1411,2009,Parramatta Eels,27,2,Gold Coast Titans,
1412,2009,St George Dragons,12,25,Parramatta Eels,
1413,2009,Canterbury Bulldogs,26,12,Newcastle Knights,
1414,2009,Gold Coast Titans,32,40,Brisbane Broncos,
1415,2009,Melbourne Storm,40,12,Manly Sea Eagles,
1416,2009,Brisbane Broncos,22,10,Canberra Raiders,
1417,2009,Newcastle Knights,35,0,Penrith Panthers,
1418,2009,Sydney Roosters,16,32,North QLD Cowboys,
1419,2009,Manly Sea Eagles,38,4,Gold Coast Titans,
1420,2009,Cronulla Sharks,24,26,South Sydney Rabbitohs,
1421,2009,New Zealand Warriors,0,30,Melbourne Storm,
1422,2009,St George Dragons,37,0,Parramatta Eels,
1423,2009,Wests Tigers,34,12,Canterbury Bulldogs,
1424,2009,Canberra Raiders,30,14,Newcastle Knights,
1425,2009,Canterbury Bulldogs,40,20,New Zealand Warriors,
1426,2009,Manly Sea Eagles,18,16,Cronulla Sharks,
1427,2009,South Sydney Rabbitohs,41,6,St George Dragons,
1428,2009,Melbourne Storm,38,4,Sydney Roosters,
1429,2009,Gold Coast Titans,36,24,Wests Tigers,
1430,2009,Parramatta Eels,48,6,Penrith Panthers,
1431,2009,North QLD Cowboys,10,16,Brisbane Broncos,
1432,2009,Canterbury Bulldogs,28,4,Sydney Roosters,
1433,2009,New Zealand Warriors,34,20,Canberra Raiders,
1434,2009,Melbourne Storm,16,20,Manly Sea Eagles,
1435,2009,Gold Coast Titans,20,10,Cronulla Sharks,
1436,2009,Penrith Panthers,40,10,South Sydney Rabbitohs,
1437,2009,Newcastle Knights,32,26,North QLD Cowboys,
1438,2009,Wests Tigers,18,26,Parramatta Eels,
1439,2009,St George Dragons,2,12,Brisbane Broncos,
1440,2009,Newcastle Knights,26,14,Melbourne Storm,
1441,2009,Brisbane Broncos,58,24,Penrith Panthers,
1442,2009,Cronulla Sharks,10,56,Wests Tigers,
1443,2009,Parramatta Eels,40,4,New Zealand Warriors,
1444,2009,Canberra Raiders,24,12,St George Dragons,
1445,2009,Sydney Roosters,12,44,Manly Sea Eagles,
1446,2009,South Sydney Rabbitohs,14,22,Gold Coast Titans,
1447,2009,North QLD Cowboys,12,22,Canterbury Bulldogs,
1448,2009,Brisbane Broncos,30,10,Cronulla Sharks,
1449,2009,Parramatta Eels,40,8,Newcastle Knights,
1450,2009,Sydney Roosters,10,17,Wests Tigers,
1451,2009,New Zealand Warriors,10,30,Gold Coast Titans,
1452,2009,Canterbury Bulldogs,23,20,Canberra Raiders,
1453,2009,Manly Sea Eagles,22,36,South Sydney Rabbitohs,
1454,2009,Melbourne Storm,20,8,North QLD Cowboys,
1455,2009,Penrith Panthers,6,25,St George Dragons,
1456,2009,Wests Tigers,19,18,Manly Sea Eagles,
1457,2009,South Sydney Rabbitohs,18,26,Canterbury Bulldogs,
1458,2009,Cronulla Sharks,0,30,Parramatta Eels,
1459,2009,Penrith Panthers,32,32,New Zealand Warriors,
1460,2009,Newcastle Knights,18,30,Sydney Roosters,
1461,2009,Canberra Raiders,56,0,Brisbane Broncos,
1462,2009,St George Dragons,26,12,Melbourne Storm,
1463,2009,Gold Coast Titans,18,34,North QLD Cowboys,
1464,2009,South Sydney Rabbitohs,40,20,Sydney Roosters,
1465,2009,New Zealand Warriors,4,29,St George Dragons,
1466,2009,Canberra Raiders,4,25,Wests Tigers,
1467,2009,Melbourne Storm,30,10,Cronulla Sharks,
1468,2009,North QLD Cowboys,20,28,Penrith Panthers,
1469,2009,Canterbury Bulldogs,8,27,Parramatta Eels,
1470,2009,Manly Sea Eagles,44,20,Newcastle Knights,
1471,2009,Gold Coast Titans,34,18,Brisbane Broncos,
1472,2009,Parramatta Eels,18,16,Melbourne Storm,
1473,2009,Wests Tigers,34,14,North QLD Cowboys,
1474,2009,Sydney Roosters,24,30,New Zealand Warriors,
1475,2009,Cronulla Sharks,26,32,Manly Sea Eagles,
1476,2009,Penrith Panthers,27,14,Canberra Raiders,
1477,2009,Canterbury Bulldogs,23,16,Gold Coast Titans,
1478,2009,Brisbane Broncos,12,44,South Sydney Rabbitohs,
1479,2009,Gold Coast Titans,18,12,Parramatta Eels,
1480,2009,St George Dragons,48,18,Manly Sea Eagles,
1481,2009,New Zealand Warriors,14,18,Canterbury Bulldogs,
1482,2009,Newcastle Knights,23,4,Canberra Raiders,
1483,2009,South Sydney Rabbitohs,36,12,Penrith Panthers,
1484,2009,Manly Sea Eagles,19,12,Canterbury Bulldogs,
1485,2009,Penrith Panthers,38,34,Parramatta Eels,
1486,2009,Canberra Raiders,34,28,Gold Coast Titans,
1487,2009,North QLD Cowboys,24,4,Cronulla Sharks,
1488,2009,Melbourne Storm,18,14,Newcastle Knights,
1489,2009,South Sydney Rabbitohs,20,54,Wests Tigers,
1490,2009,St George Dragons,34,12,Sydney Roosters,
1491,2009,Brisbane Broncos,28,14,New Zealand Warriors,
1492,2009,Newcastle Knights,25,20,South Sydney Rabbitohs,
1493,2009,Parramatta Eels,21,14,Brisbane Broncos,
1494,2009,Canberra Raiders,26,16,Melbourne Storm,
1495,2009,Sydney Roosters,19,12,Cronulla Sharks,
1496,2009,Gold Coast Titans,28,12,New Zealand Warriors,
1497,2009,Canterbury Bulldogs,30,18,North QLD Cowboys,
1498,2009,Wests Tigers,10,21,St George Dragons,
1499,2009,Cronulla Sharks,46,12,Brisbane Broncos,
1500,2009,Manly Sea Eagles,20,14,Canberra Raiders,
1501,2009,Melbourne Storm,14,12,Wests Tigers,
1502,2009,North QLD Cowboys,24,22,Sydney Roosters,
1503,2009,Canterbury Bulldogs,19,12,Penrith Panthers,
1504,2009,Parramatta Eels,6,23,Wests Tigers,
1505,2009,St George Dragons,32,18,North QLD Cowboys,
1506,2009,Canberra Raiders,22,24,Cronulla Sharks,
1507,2009,South Sydney Rabbitohs,22,28,Melbourne Storm,
1508,2009,Penrith Panthers,6,20,Manly Sea Eagles,
1509,2009,Sydney Roosters,20,24,Gold Coast Titans,
1510,2009,Brisbane Broncos,22,44,Canterbury Bulldogs,
1511,2009,New Zealand Warriors,13,0,Newcastle Knights,
1512,2009,Gold Coast Titans,28,24,St George Dragons,
1513,2009,Newcastle Knights,18,20,Parramatta Eels,
1514,2009,Cronulla Sharks,18,10,New Zealand Warriors,
1515,2009,North QLD Cowboys,46,12,South Sydney Rabbitohs,
1516,2009,Manly Sea Eagles,38,18,Sydney Roosters,
1517,2009,Melbourne Storm,48,4,Brisbane Broncos,
1518,2009,Wests Tigers,10,26,Penrith Panthers,
1519,2009,South Sydney Rabbitohs,18,34,Canberra Raiders,
1520,2009,Newcastle Knights,22,14,Canterbury Bulldogs,
1521,2009,New Zealand Warriors,14,0,Wests Tigers,
1522,2009,Parramatta Eels,10,13,Cronulla Sharks,
1523,2009,St George Dragons,38,10,Penrith Panthers,
1524,2009,North QLD Cowboys,36,10,Newcastle Knights,
1525,2009,Gold Coast Titans,18,17,Manly Sea Eagles,
1526,2009,Canberra Raiders,38,12,New Zealand Warriors,
1527,2009,Penrith Panthers,48,6,Sydney Roosters,
1528,2009,Canterbury Bulldogs,26,10,Melbourne Storm,
1529,2009,Cronulla Sharks,4,26,St George Dragons,
1530,2009,Wests Tigers,18,20,Brisbane Broncos,
1531,2009,Parramatta Eels,16,16,South Sydney Rabbitohs,
1532,2009,Melbourne Storm,46,6,Canberra Raiders,
1533,2009,Wests Tigers,22,23,South Sydney Rabbitohs,
1534,2009,Manly Sea Eagles,34,10,Parramatta Eels,
1535,2009,New Zealand Warriors,12,34,North QLD Cowboys,
1536,2009,Penrith Panthers,26,22,Cronulla Sharks,
1537,2009,Sydney Roosters,6,38,Newcastle Knights,
1538,2009,Brisbane Broncos,32,18,Gold Coast Titans,
1539,2009,St George Dragons,20,18,Canterbury Bulldogs,
1540,2009,Sydney Roosters,12,28,Melbourne Storm,
1541,2009,Brisbane Broncos,20,22,Manly Sea Eagles,
1542,2009,Newcastle Knights,23,18,Gold Coast Titans,
1543,2009,North QLD Cowboys,24,20,St George Dragons,
1544,2009,Canterbury Bulldogs,22,20,Wests Tigers,
1545,2009,St George Dragons,12,11,New Zealand Warriors,
1546,2009,Newcastle Knights,28,12,Brisbane Broncos,
1547,2009,Canberra Raiders,10,18,Penrith Panthers,
1548,2009,Cronulla Sharks,12,19,Sydney Roosters,
1549,2009,Gold Coast Titans,22,14,South Sydney Rabbitohs,
1550,2009,Parramatta Eels,28,18,North QLD Cowboys,
1551,2009,Manly Sea Eagles,8,22,Melbourne Storm,
1552,2009,Penrith Panthers,34,20,Gold Coast Titans,
1553,2009,Wests Tigers,26,24,Newcastle Knights,
1554,2009,Canberra Raiders,20,30,Canterbury Bulldogs,
1555,2009,North QLD Cowboys,26,12,Manly Sea Eagles,
1556,2009,Melbourne Storm,14,14,New Zealand Warriors,
1557,2009,Sydney Roosters,0,29,St George Dragons,
1558,2009,Brisbane Broncos,40,8,Parramatta Eels,
1559,2009,South Sydney Rabbitohs,32,26,Cronulla Sharks,
1560,2009,Wests Tigers,16,6,Melbourne Storm,
1561,2009,Parramatta Eels,18,48,Canterbury Bulldogs,
1562,2009,Cronulla Sharks,10,34,North QLD Cowboys,
1563,2009,New Zealand Warriors,17,16,Sydney Roosters,
1564,2009,South Sydney Rabbitohs,8,24,Manly Sea Eagles,
1565,2009,St George Dragons,18,24,Newcastle Knights,
1566,2009,Penrith Panthers,18,38,Brisbane Broncos,
1567,2009,Gold Coast Titans,16,10,Canberra Raiders,
1568,2009,Canterbury Bulldogs,14,12,South Sydney Rabbitohs,
1569,2009,Manly Sea Eagles,23,10,Wests Tigers,
1570,2009,Newcastle Knights,24,22,New Zealand Warriors,
1571,2009,Melbourne Storm,16,14,Penrith Panthers,
1572,2009,North QLD Cowboys,10,14,Gold Coast Titans,
1573,2009,Cronulla Sharks,14,24,Canberra Raiders,
1574,2009,Sydney Roosters,24,28,Brisbane Broncos,
1575,2009,Parramatta Eels,8,22,St George Dragons,
1576,2009,Canberra Raiders,23,18,North QLD Cowboys,
1577,2009,Newcastle Knights,26,12,Manly Sea Eagles,
1578,2009,Canterbury Bulldogs,24,12,Cronulla Sharks,
1579,2009,New Zealand Warriors,16,22,South Sydney Rabbitohs,
1580,2009,Melbourne Storm,6,18,Gold Coast Titans,
1581,2009,Penrith Panthers,42,22,Wests Tigers,
1582,2009,Sydney Roosters,24,6,Parramatta Eels,
1583,2009,Brisbane Broncos,12,25,St George Dragons,
1584,2009,Manly Sea Eagles,10,12,Penrith Panthers,
1585,2009,St George Dragons,10,6,Cronulla Sharks,
1586,2009,South Sydney Rabbitohs,22,12,Newcastle Knights,
1587,2009,North QLD Cowboys,12,26,Melbourne Storm,
1588,2009,Parramatta Eels,18,16,Canberra Raiders,
1589,2009,New Zealand Warriors,10,26,Brisbane Broncos,
1590,2009,Gold Coast Titans,20,12,Canterbury Bulldogs,
1591,2009,Wests Tigers,40,24,Sydney Roosters,
1592,2009,Cronulla Sharks,12,24,Newcastle Knights,
1593,2009,Manly Sea Eagles,24,26,New Zealand Warriors,
1594,2009,Canberra Raiders,4,28,Sydney Roosters,
1595,2009,North QLD Cowboys,42,14,Wests Tigers,
1596,2009,Penrith Panthers,26,28,Canterbury Bulldogs,
1597,2009,St George Dragons,16,10,Gold Coast Titans,
1598,2009,Brisbane Broncos,16,14,Melbourne Storm,
1599,2009,South Sydney Rabbitohs,8,14,Parramatta Eels,
1600,2009,Wests Tigers,34,26,Canberra Raiders,
1601,2009,Sydney Roosters,12,52,South Sydney Rabbitohs,
1602,2009,Gold Coast Titans,34,20,Newcastle Knights,
1603,2009,Canterbury Bulldogs,34,12,Manly Sea Eagles,
1604,2009,Cronulla Sharks,18,10,Penrith Panthers,
1605,2009,New Zealand Warriors,26,18,Parramatta Eels,
1606,2009,Brisbane Broncos,19,18,North QLD Cowboys,
1607,2009,Melbourne Storm,17,16,St George Dragons,
